sales_key,order_id,order_date,customer_id,product_id,quantity,unit_price,discount,net_sales,channel,payment_method,paid_at,province,category
1,ORD000001,2026-01-08 17:11:00,C0158,P039,2,940.5,0.0,1881.0,Marketplace,Bank Transfer,2026-01-08 17:30:00,เชียงใหม่,Notebook
2,ORD000002,2026-01-12 20:13:00,C0123,P038,1,12900.0,0.1,11610.0,Mobile App,Bank Transfer,2026-01-12 22:58:00,ระยอง,Smartphone
3,ORD000003,2026-01-26 14:00:00,C0119,P031,3,1415.5,0.05,4034.1749999999997,Web,PromptPay,2026-01-26 14:03:00,ขอนแก่น,Smart Home
4,ORD000004,2026-01-18 16:18:00,C0065,P003,2,25900.0,0.0,51800.0,Mobile App,Bank Transfer,2026-01-18 18:24:00,ขอนแก่น,Smartphone
5,ORD000005,2026-01-08 17:43:00,C0129,P007,2,23310.0,0.05,44289.0,Mobile App,Credit Card,2026-01-08 20:03:00,กรุงเทพมหานคร,Notebook
6,ORD000006,2026-01-23 11:50:00,C0097,P037,2,27195.0,0.0,54390.0,Mobile App,Bank Transfer,2026-01-23 12:37:00,เชียงใหม่,Smart Home
7,ORD000007,2026-01-24 07:03:00,C0139,P001,1,284.05,0.0,284.05,Web,Bank Transfer,2026-01-24 09:09:00,ระยอง,Notebook
8,ORD000010,2026-01-07 03:12:00,C0100,P017,2,990.0,0.1,1782.0,Mobile App,Bank Transfer,2026-01-07 04:36:00,กรุงเทพมหานคร,Smartphone
9,ORD000011,2026-01-12 14:34:00,C0120,P028,2,313.95,0.0,627.9,Web,Credit Card,2026-01-12 16:27:00,ขอนแก่น,Smartphone
10,ORD000012,2026-01-08 22:35:00,C0141,P008,2,449.1,0.05,853.29,Marketplace,Bank Transfer,2026-01-08 23:43:00,กรุงเทพมหานคร,Accessory
11,ORD000013,2026-01-27 22:41:00,C0110,P002,2,1341.0,0.0,2682.0,Mobile App,Bank Transfer,2026-01-28 01:23:00,เชียงใหม่,Smartphone
12,ORD000014,2026-01-20 07:11:00,C0142,P017,4,990.0,0.0,3960.0,Marketplace,Credit Card,2026-01-20 09:42:00,ชลบุรี,Smartphone
13,ORD000015,2026-01-04 13:47:00,C0151,P018,2,4189.5,0.0,8379.0,Web,Bank Transfer,2026-01-04 15:28:00,ชลบุรี,Smartphone
14,ORD000016,2026-01-18 06:47:00,C0072,P006,1,313.95,0.0,313.95,Mobile App,Bank Transfer,2026-01-18 07:49:00,เชียงใหม่,Accessory
15,ORD000017,2026-01-27 00:37:00,C0048,P019,2,3591.0,0.0,7182.0,Mobile App,Bank Transfer,2026-01-27 03:19:00,กรุงเทพมหานคร,Smartphone
16,ORD000018,2026-01-05 02:59:00,C0037,P001,3,299.0,0.0,897.0,Marketplace,Bank Transfer,2026-01-05 03:24:00,ภูเก็ต,Notebook
17,ORD000019,2026-01-14 22:23:00,C0159,P019,1,4189.5,0.1,3770.55,Web,PromptPay,2026-01-15 00:15:00,ภูเก็ต,Smartphone
18,ORD000020,2026-01-08 21:53:00,C0115,P007,1,25900.0,0.0,25900.0,Web,Credit Card,2026-01-08 22:34:00,ระยอง,Notebook
19,ORD000021,2026-01-18 02:04:00,C0007,P007,1,27195.0,0.05,25835.25,Web,Bank Transfer,2026-01-18 03:13:00,กรุงเทพมหานคร,Notebook
20,ORD000024,2026-01-28 11:43:00,C0042,P033,1,13545.0,0.0,13545.0,Marketplace,Bank Transfer,2026-01-28 13:44:00,ระยอง,Smart Home
21,ORD000025,2026-01-07 13:04:00,C0079,P011,1,25900.0,0.0,25900.0,Web,Credit Card,2026-01-07 15:39:00,ภูเก็ต,Accessory
22,ORD000026,2026-01-04 19:15:00,C0107,P008,1,499.0,0.0,499.0,Mobile App,Credit Card,2026-01-04 20:27:00,ระยอง,Accessory
23,ORD000027,2026-01-23 14:12:00,C0143,P019,2,3790.5,0.1,6822.900000000001,Web,Credit Card,2026-01-23 15:21:00,เชียงใหม่,Smartphone
24,ORD000028,2026-01-08 05:59:00,C0139,P013,4,523.95,0.0,2095.8,Mobile App,Credit Card,2026-01-08 08:06:00,ระยอง,Smart Home
25,ORD000030,2026-01-10 12:26:00,C0003,P006,1,299.0,0.05,284.05,Mobile App,PromptPay,2026-01-10 14:50:00,ขอนแก่น,Accessory
26,ORD000031,2026-01-16 18:33:00,C0087,P027,1,24605.0,0.0,24605.0,Web,PromptPay,2026-01-16 18:52:00,กรุงเทพมหานคร,Smartphone
27,ORD000032,2026-01-01 14:52:00,C0085,P035,1,25900.0,0.0,25900.0,Mobile App,Bank Transfer,2026-01-01 17:21:00,กรุงเทพมหานคร,Accessory
28,ORD000034,2026-01-24 06:21:00,C0044,P005,1,313.95,0.0,313.95,Web,PromptPay,2026-01-24 06:44:00,กรุงเทพมหานคร,Smartphone
29,ORD000035,2026-01-16 21:39:00,C0045,P033,3,12900.0,0.0,38700.0,Marketplace,PromptPay,2026-01-17 00:12:00,เชียงใหม่,Smart Home
30,ORD000036,2026-01-21 10:30:00,C0043,P005,1,299.0,0.0,299.0,Mobile App,Credit Card,2026-01-21 13:28:00,ระยอง,Smartphone
31,ORD000037,2026-01-20 00:56:00,C0108,P017,4,990.0,0.0,3960.0,Web,PromptPay,2026-01-20 03:11:00,เชียงใหม่,Smartphone
32,ORD000038,2026-01-18 01:57:00,C0008,P009,1,284.05,0.05,269.8475,Mobile App,PromptPay,2026-01-18 03:21:00,ขอนแก่น,Notebook
33,ORD000039,2026-01-28 20:23:00,C0126,P004,2,1415.5,0.0,2831.0,Marketplace,PromptPay,2026-01-28 20:25:00,เชียงใหม่,Smart Home
34,ORD000040,2026-01-15 23:19:00,C0086,P021,1,23310.0,0.0,23310.0,Marketplace,PromptPay,2026-01-16 00:12:00,กรุงเทพมหานคร,Smart Home
35,ORD000041,2026-01-11 12:38:00,C0008,P034,2,284.05,0.0,568.1,Web,Credit Card,2026-01-11 14:36:00,ขอนแก่น,Accessory
36,ORD000042,2026-01-21 15:59:00,C0114,P032,1,25900.0,0.0,25900.0,Marketplace,Credit Card,2026-01-21 17:17:00,เชียงใหม่,Notebook
37,ORD000043,2026-01-03 08:15:00,C0006,P018,1,3790.5,0.05,3600.975,Web,Bank Transfer,2026-01-03 09:31:00,ระยอง,Smartphone
38,ORD000045,2026-01-16 19:17:00,C0068,P019,3,3990.0,0.0,11970.0,Marketplace,Bank Transfer,2026-01-16 19:47:00,ขอนแก่น,Smartphone
39,ORD000046,2026-01-21 21:21:00,C0097,P026,2,12900.0,0.1,23220.0,Mobile App,Bank Transfer,2026-01-21 22:17:00,เชียงใหม่,Smart Home
40,ORD000047,2026-01-01 07:56:00,C0100,P038,4,11610.0,0.0,46440.0,Web,PromptPay,2026-01-01 09:44:00,กรุงเทพมหานคร,Smartphone
41,ORD000048,2026-01-13 07:59:00,C0040,P038,2,12900.0,0.0,25800.0,Marketplace,PromptPay,2026-01-13 09:30:00,กรุงเทพมหานคร,Smartphone
42,ORD000049,2026-01-18 00:12:00,C0059,P019,1,3990.0,0.05,3790.5,Mobile App,PromptPay,2026-01-18 01:04:00,ระยอง,Smartphone
43,ORD000050,2026-01-09 02:38:00,C0067,P006,1,313.95,0.0,313.95,Web,Bank Transfer,2026-01-09 04:32:00,ชลบุรี,Accessory
44,ORD000051,2026-01-24 03:14:00,C0035,P039,4,990.0,0.0,3960.0,Marketplace,Credit Card,2026-01-24 04:27:00,ชลบุรี,Notebook
45,ORD000052,2026-01-18 11:03:00,C0079,P035,1,23310.0,0.0,23310.0,Mobile App,Credit Card,2026-01-18 12:24:00,ภูเก็ต,Accessory
46,ORD000053,2026-01-16 20:25:00,C0113,P019,4,3990.0,0.05,15162.0,Marketplace,Credit Card,2026-01-16 22:54:00,ระยอง,Smartphone
47,ORD000054,2026-01-01 18:10:00,C0046,P035,1,25900.0,0.1,23310.0,Marketplace,Bank Transfer,2026-01-01 19:13:00,ชลบุรี,Accessory
48,ORD000055,2026-01-07 14:06:00,C0132,P027,2,23310.0,0.0,46620.0,Marketplace,Credit Card,2026-01-07 16:03:00,ชลบุรี,Smartphone
49,ORD000056,2026-01-07 05:17:00,C0083,P017,1,990.0,0.0,990.0,Web,Bank Transfer,2026-01-07 07:02:00,ขอนแก่น,Smartphone
50,ORD000057,2026-01-20 22:46:00,C0054,P039,2,990.0,0.0,1980.0,Marketplace,Bank Transfer,2026-01-20 23:31:00,กรุงเทพมหานคร,Notebook
51,ORD000058,2026-01-16 05:55:00,C0096,P038,2,13545.0,0.05,25735.5,Mobile App,PromptPay,2026-01-16 07:21:00,กรุงเทพมหานคร,Smartphone
52,ORD000059,2026-01-22 06:56:00,C0038,P005,1,284.05,0.0,284.05,Mobile App,Bank Transfer,2026-01-22 07:08:00,ชลบุรี,Smartphone
53,ORD000060,2026-01-15 09:26:00,C0057,P005,1,299.0,0.1,269.1,Mobile App,Credit Card,2026-01-15 12:01:00,เชียงใหม่,Smartphone
54,ORD000061,2026-01-08 12:44:00,C0102,P023,2,313.95,0.1,565.11,Mobile App,Bank Transfer,2026-01-08 12:47:00,ระยอง,Accessory
55,ORD000062,2026-01-09 13:10:00,C0036,P020,3,499.0,0.0,1497.0,Marketplace,PromptPay,2026-01-09 15:05:00,กรุงเทพมหานคร,Smart Home
56,ORD000063,2026-01-08 01:20:00,C0034,P025,3,27195.0,0.0,81585.0,Marketplace,Credit Card,2026-01-08 04:07:00,ภูเก็ต,Accessory
57,ORD000064,2026-01-07 21:17:00,C0152,P014,1,1039.5,0.1,935.5500000000001,Web,Credit Card,2026-01-07 21:33:00,ชลบุรี,Notebook
58,ORD000065,2026-01-20 12:44:00,C0160,P031,3,1490.0,0.0,4470.0,Web,Bank Transfer,2026-01-20 15:03:00,กรุงเทพมหานคร,Smart Home
59,ORD000067,2026-01-11 23:34:00,C0125,P035,1,25900.0,0.0,25900.0,Mobile App,Credit Card,2026-01-12 02:25:00,เชียงใหม่,Accessory
60,ORD000068,2026-01-15 21:59:00,C0052,P039,1,940.5,0.05,893.4749999999999,Mobile App,PromptPay,2026-01-16 00:21:00,ระยอง,Notebook
61,ORD000069,2026-01-09 12:18:00,C0081,P039,1,1039.5,0.0,1039.5,Web,Credit Card,2026-01-09 14:32:00,ขอนแก่น,Notebook
62,ORD000070,2026-01-28 09:39:00,C0069,P014,4,1039.5,0.0,4158.0,Marketplace,Bank Transfer,2026-01-28 12:02:00,กรุงเทพมหานคร,Notebook
63,ORD000071,2026-01-01 22:56:00,C0021,P008,1,523.95,0.0,523.95,Web,Credit Card,2026-01-02 00:10:00,เชียงใหม่,Accessory
64,ORD000072,2026-01-24 22:09:00,C0028,P032,4,23310.0,0.05,88578.0,Mobile App,Credit Card,2026-01-24 22:55:00,ขอนแก่น,Notebook
65,ORD000073,2026-01-13 05:31:00,C0009,P022,1,474.05,0.0,474.05,Web,Credit Card,2026-01-13 07:28:00,ภูเก็ต,Accessory
66,ORD000074,2026-01-17 10:33:00,C0110,P031,4,1490.0,0.0,5960.0,Marketplace,Credit Card,2026-01-17 11:45:00,เชียงใหม่,Smart Home
67,ORD000075,2026-01-22 08:13:00,C0039,P007,2,24605.0,0.05,46749.5,Web,Credit Card,2026-01-22 08:15:00,กรุงเทพมหานคร,Notebook
68,ORD000077,2026-01-08 04:24:00,C0143,P026,2,12255.0,0.0,24510.0,Web,PromptPay,2026-01-08 04:29:00,เชียงใหม่,Smart Home
69,ORD000078,2026-01-22 17:21:00,C0070,P017,1,1039.5,0.05,987.525,Marketplace,Bank Transfer,2026-01-22 17:34:00,เชียงใหม่,Smartphone
70,ORD000079,2026-01-05 10:50:00,C0005,P037,1,25900.0,0.1,23310.0,Mobile App,Bank Transfer,2026-01-05 13:47:00,ระยอง,Smart Home
71,ORD000080,2026-01-28 17:30:00,C0008,P019,3,4189.5,0.05,11940.074999999999,Marketplace,Bank Transfer,2026-01-28 19:57:00,ขอนแก่น,Smartphone
72,ORD000081,2026-01-11 02:57:00,C0061,P018,4,3591.0,0.0,14364.0,Web,Credit Card,2026-01-11 03:07:00,ขอนแก่น,Smartphone
73,ORD000082,2026-01-21 18:06:00,C0147,P020,2,474.05,0.1,853.2900000000001,Marketplace,PromptPay,2026-01-21 18:30:00,ชลบุรี,Smart Home
74,ORD000083,2026-01-17 01:19:00,C0070,P021,1,25900.0,0.0,25900.0,Web,PromptPay,2026-01-17 01:51:00,เชียงใหม่,Smart Home
75,ORD000084,2026-01-27 07:52:00,C0132,P026,1,11610.0,0.0,11610.0,Web,PromptPay,2026-01-27 08:53:00,ชลบุรี,Smart Home
76,ORD000085,2026-01-20 05:05:00,C0145,P003,2,24605.0,0.0,49210.0,Mobile App,Credit Card,2026-01-20 07:24:00,ภูเก็ต,Smartphone
77,ORD000086,2026-01-22 09:30:00,C0038,P015,4,269.1,0.0,1076.4,Web,Bank Transfer,2026-01-22 12:16:00,ชลบุรี,Notebook
78,ORD000087,2026-01-25 05:31:00,C0068,P001,3,299.0,0.0,897.0,Web,Credit Card,2026-01-25 08:13:00,ขอนแก่น,Notebook
79,ORD000088,2026-01-28 21:16:00,C0118,P024,2,284.05,0.1,511.29,Web,PromptPay,2026-01-28 22:57:00,ระยอง,Accessory
80,ORD000089,2026-01-26 04:55:00,C0070,P026,1,12900.0,0.0,12900.0,Web,PromptPay,2026-01-26 07:40:00,เชียงใหม่,Smart Home
81,ORD000090,2026-01-19 00:37:00,C0083,P038,1,12900.0,0.0,12900.0,Marketplace,Bank Transfer,2026-01-19 01:32:00,ขอนแก่น,Smartphone
82,ORD000091,2026-01-18 10:20:00,C0156,P037,1,25900.0,0.05,24605.0,Mobile App,PromptPay,2026-01-18 12:55:00,กรุงเทพมหานคร,Smart Home
83,ORD000092,2026-01-16 20:33:00,C0086,P006,1,313.95,0.0,313.95,Web,Credit Card,2026-01-16 21:27:00,กรุงเทพมหานคร,Accessory
84,ORD000094,2026-01-05 03:21:00,C0014,P012,1,1039.5,0.1,935.5500000000001,Marketplace,Bank Transfer,2026-01-05 06:00:00,ขอนแก่น,Accessory
85,ORD000095,2026-01-01 19:36:00,C0062,P020,2,499.0,0.0,998.0,Web,Credit Card,2026-01-01 20:33:00,ระยอง,Smart Home
86,ORD000096,2026-01-26 20:50:00,C0090,P024,2,284.05,0.0,568.1,Mobile App,Credit Card,2026-01-26 22:11:00,เชียงใหม่,Accessory
87,ORD000097,2026-01-16 01:11:00,C0008,P009,4,299.0,0.0,1196.0,Marketplace,PromptPay,2026-01-16 01:43:00,ขอนแก่น,Notebook
88,ORD000098,2026-01-14 04:53:00,C0099,P016,2,1490.0,0.1,2682.0,Marketplace,Credit Card,2026-01-14 06:37:00,ขอนแก่น,Accessory
89,ORD000099,2026-01-24 06:51:00,C0136,P039,3,1039.5,0.0,3118.5,Mobile App,PromptPay,2026-01-24 08:38:00,ระยอง,Notebook
90,ORD000100,2026-01-05 13:19:00,C0014,P038,2,13545.0,0.0,27090.0,Mobile App,Bank Transfer,2026-01-05 15:44:00,ขอนแก่น,Smartphone
91,ORD000102,2026-01-05 07:29:00,C0078,P002,4,1341.0,0.05,5095.8,Mobile App,Bank Transfer,2026-01-05 09:52:00,ระยอง,Smartphone
92,ORD000103,2026-01-11 07:18:00,C0079,P014,1,940.5,0.1,846.45,Web,Credit Card,2026-01-11 08:32:00,ภูเก็ต,Notebook
93,ORD000104,2026-01-13 17:48:00,C0157,P036,2,299.0,0.1,538.2,Marketplace,Credit Card,2026-01-13 19:26:00,ระยอง,Notebook
94,ORD000105,2026-01-07 02:25:00,C0099,P002,2,1341.0,0.1,2413.8,Mobile App,Credit Card,2026-01-07 03:54:00,ขอนแก่น,Smartphone
95,ORD000107,2026-01-23 21:07:00,C0065,P023,2,299.0,0.0,598.0,Web,Credit Card,2026-01-23 23:36:00,ขอนแก่น,Accessory
96,ORD000108,2026-01-17 22:05:00,C0138,P029,4,3990.0,0.0,15960.0,Web,Credit Card,2026-01-17 23:54:00,กรุงเทพมหานคร,Notebook
97,ORD000109,2026-01-19 03:38:00,C0140,P033,1,13545.0,0.0,13545.0,Web,Credit Card,2026-01-19 06:35:00,ภูเก็ต,Smart Home
98,ORD000110,2026-01-27 22:29:00,C0066,P002,3,1341.0,0.0,4023.0,Marketplace,PromptPay,2026-01-28 00:24:00,ระยอง,Smartphone
99,ORD000111,2026-01-04 17:27:00,C0146,P008,3,449.1,0.0,1347.3000000000002,Mobile App,Credit Card,2026-01-04 19:04:00,กรุงเทพมหานคร,Accessory
100,ORD000113,2026-01-03 06:56:00,C0024,P027,3,24605.0,0.0,73815.0,Mobile App,Bank Transfer,2026-01-03 09:53:00,กรุงเทพมหานคร,Smartphone
101,ORD000114,2026-01-01 13:09:00,C0050,P014,3,1039.5,0.0,3118.5,Web,PromptPay,2026-01-01 14:03:00,เชียงใหม่,Notebook
102,ORD000115,2026-01-21 07:56:00,C0085,P009,4,313.95,0.0,1255.8,Mobile App,Bank Transfer,2026-01-21 10:17:00,กรุงเทพมหานคร,Notebook
103,ORD000116,2026-01-24 08:29:00,C0073,P002,4,1341.0,0.0,5364.0,Web,Bank Transfer,2026-01-24 10:09:00,ขอนแก่น,Smartphone
104,ORD000117,2026-01-09 09:51:00,C0012,P016,1,1415.5,0.0,1415.5,Marketplace,Bank Transfer,2026-01-09 10:26:00,ขอนแก่น,Accessory
105,ORD000118,2026-01-21 07:02:00,C0075,P025,1,23310.0,0.05,22144.5,Web,Bank Transfer,2026-01-21 08:33:00,ระยอง,Accessory
106,ORD000119,2026-01-25 09:48:00,C0007,P022,1,449.1,0.0,449.1,Web,Bank Transfer,2026-01-25 10:43:00,กรุงเทพมหานคร,Accessory
107,ORD000120,2026-01-15 14:33:00,C0092,P020,4,499.0,0.0,1996.0,Web,PromptPay,2026-01-15 16:33:00,กรุงเทพมหานคร,Smart Home
108,ORD000122,2026-01-08 11:24:00,C0051,P010,3,891.0,0.1,2405.7000000000003,Mobile App,PromptPay,2026-01-08 11:27:00,เชียงใหม่,Smart Home
109,ORD000123,2026-01-08 18:25:00,C0035,P024,1,313.95,0.0,313.95,Mobile App,Bank Transfer,2026-01-08 19:08:00,ชลบุรี,Accessory
110,ORD000124,2026-01-15 01:56:00,C0012,P007,1,27195.0,0.05,25835.25,Web,PromptPay,2026-01-15 04:09:00,ขอนแก่น,Notebook
111,ORD000125,2026-01-24 01:22:00,C0155,P003,1,25900.0,0.0,25900.0,Web,PromptPay,2026-01-24 02:51:00,เชียงใหม่,Smartphone
112,ORD000126,2026-01-03 20:15:00,C0056,P022,1,523.95,0.05,497.7525,Marketplace,Credit Card,2026-01-03 20:33:00,เชียงใหม่,Accessory
113,ORD000127,2026-01-27 13:30:00,C0060,P040,3,3790.5,0.05,10802.925,Mobile App,Bank Transfer,2026-01-27 15:29:00,ภูเก็ต,Accessory
114,ORD000128,2026-01-13 09:03:00,C0138,P012,3,940.5,0.0,2821.5,Mobile App,Credit Card,2026-01-13 09:29:00,กรุงเทพมหานคร,Accessory
115,ORD000129,2026-01-24 16:44:00,C0098,P031,1,1490.0,0.0,1490.0,Mobile App,PromptPay,2026-01-24 17:25:00,เชียงใหม่,Smart Home
116,ORD000131,2026-01-03 03:34:00,C0101,P010,2,891.0,0.05,1692.8999999999999,Marketplace,Bank Transfer,2026-01-03 05:17:00,ภูเก็ต,Smart Home
117,ORD000132,2026-01-28 02:40:00,C0146,P022,1,523.95,0.1,471.55500000000006,Marketplace,Credit Card,2026-01-28 03:12:00,กรุงเทพมหานคร,Accessory
118,ORD000133,2026-01-11 15:42:00,C0078,P008,3,449.1,0.0,1347.3000000000002,Marketplace,Credit Card,2026-01-11 17:27:00,ระยอง,Accessory
119,ORD000134,2026-01-08 15:18:00,C0007,P018,2,3591.0,0.05,6822.9,Marketplace,Bank Transfer,2026-01-08 16:18:00,กรุงเทพมหานคร,Smartphone
120,ORD000135,2026-01-15 04:33:00,C0076,P027,2,25900.0,0.05,49210.0,Mobile App,Credit Card,2026-01-15 05:23:00,ระยอง,Smartphone
121,ORD000136,2026-01-18 05:28:00,C0052,P003,2,25900.0,0.0,51800.0,Mobile App,PromptPay,2026-01-18 05:57:00,ระยอง,Smartphone
122,ORD000137,2026-01-07 00:33:00,C0003,P039,2,990.0,0.05,1881.0,Marketplace,PromptPay,2026-01-07 00:39:00,ขอนแก่น,Notebook
123,ORD000138,2026-01-08 13:50:00,C0145,P030,1,474.05,0.1,426.64500000000004,Mobile App,Credit Card,2026-01-08 13:54:00,ภูเก็ต,Smartphone
124,ORD000139,2026-01-05 03:18:00,C0075,P016,1,1490.0,0.0,1490.0,Web,Credit Card,2026-01-05 05:45:00,ระยอง,Accessory
125,ORD000140,2026-01-04 00:24:00,C0132,P023,1,269.1,0.05,255.645,Marketplace,Credit Card,2026-01-04 00:39:00,ชลบุรี,Accessory
126,ORD000141,2026-01-14 11:29:00,C0069,P011,2,23310.0,0.0,46620.0,Web,Credit Card,2026-01-14 11:56:00,กรุงเทพมหานคร,Accessory
127,ORD000143,2026-01-18 23:04:00,C0133,P007,1,25900.0,0.05,24605.0,Web,Credit Card,2026-01-19 00:29:00,ภูเก็ต,Notebook
128,ORD000145,2026-01-11 18:33:00,C0142,P009,1,313.95,0.1,282.555,Web,Credit Card,2026-01-11 19:39:00,ชลบุรี,Notebook
129,ORD000146,2026-01-13 00:04:00,C0096,P023,1,299.0,0.0,299.0,Marketplace,Bank Transfer,2026-01-13 00:08:00,กรุงเทพมหานคร,Accessory
130,ORD000147,2026-01-24 10:34:00,C0114,P001,1,299.0,0.0,299.0,Marketplace,Bank Transfer,2026-01-24 12:27:00,เชียงใหม่,Notebook
131,ORD000149,2026-01-04 10:57:00,C0033,P028,1,299.0,0.05,284.05,Mobile App,Bank Transfer,2026-01-04 12:47:00,ระยอง,Smartphone
132,ORD000150,2026-01-11 10:12:00,C0067,P033,2,12900.0,0.0,25800.0,Mobile App,Bank Transfer,2026-01-11 12:02:00,ชลบุรี,Smart Home
133,ORD000151,2026-01-06 02:33:00,C0004,P036,1,269.1,0.0,269.1,Mobile App,Credit Card,2026-01-06 05:16:00,กรุงเทพมหานคร,Notebook
134,ORD000152,2026-01-20 15:01:00,C0026,P040,2,3990.0,0.0,7980.0,Marketplace,Bank Transfer,2026-01-20 15:53:00,เชียงใหม่,Accessory
135,ORD000153,2026-01-08 04:09:00,C0120,P011,1,25900.0,0.0,25900.0,Mobile App,Credit Card,2026-01-08 04:54:00,ขอนแก่น,Accessory
136,ORD000154,2026-01-04 03:08:00,C0047,P009,4,299.0,0.0,1196.0,Marketplace,PromptPay,2026-01-04 05:58:00,ระยอง,Notebook
137,ORD000155,2026-01-19 06:03:00,C0130,P014,4,990.0,0.0,3960.0,Web,PromptPay,2026-01-19 07:13:00,ภูเก็ต,Notebook
138,ORD000156,2026-01-07 14:35:00,C0014,P001,2,269.1,0.0,538.2,Marketplace,PromptPay,2026-01-07 15:45:00,ขอนแก่น,Notebook
139,ORD000157,2026-01-13 09:28:00,C0054,P024,1,299.0,0.0,299.0,Marketplace,Credit Card,2026-01-13 11:34:00,กรุงเทพมหานคร,Accessory
140,ORD000158,2026-01-14 21:41:00,C0073,P027,1,23310.0,0.05,22144.5,Web,Bank Transfer,2026-01-14 22:07:00,ขอนแก่น,Smartphone
141,ORD000159,2026-01-08 21:42:00,C0141,P006,1,284.05,0.05,269.8475,Mobile App,Credit Card,2026-01-08 23:30:00,กรุงเทพมหานคร,Accessory
142,ORD000160,2026-01-15 17:15:00,C0059,P014,2,990.0,0.0,1980.0,Mobile App,Credit Card,2026-01-15 19:09:00,ระยอง,Notebook
143,ORD000161,2026-01-11 15:47:00,C0092,P012,1,891.0,0.05,846.4499999999999,Mobile App,Bank Transfer,2026-01-11 18:21:00,กรุงเทพมหานคร,Accessory
144,ORD000162,2026-01-24 04:41:00,C0130,P002,2,1415.5,0.05,2689.45,Mobile App,Credit Card,2026-01-24 07:23:00,ภูเก็ต,Smartphone
145,ORD000163,2026-01-24 22:34:00,C0093,P037,1,24605.0,0.1,22144.5,Marketplace,PromptPay,2026-01-24 23:22:00,ภูเก็ต,Smart Home
146,ORD000164,2026-01-06 04:10:00,C0112,P033,3,11610.0,0.0,34830.0,Marketplace,Credit Card,2026-01-06 04:53:00,กรุงเทพมหานคร,Smart Home
147,ORD000165,2026-01-26 09:37:00,C0002,P024,1,299.0,0.0,299.0,Marketplace,PromptPay,2026-01-26 11:39:00,ชลบุรี,Accessory
148,ORD000166,2026-01-05 14:37:00,C0001,P027,3,27195.0,0.0,81585.0,Web,Bank Transfer,2026-01-05 16:33:00,ชลบุรี,Smartphone
149,ORD000168,2026-01-10 11:34:00,C0004,P019,3,3990.0,0.0,11970.0,Marketplace,Credit Card,2026-01-10 12:59:00,กรุงเทพมหานคร,Smartphone
150,ORD000169,2026-01-23 15:45:00,C0073,P018,1,3591.0,0.1,3231.9,Marketplace,Bank Transfer,2026-01-23 15:58:00,ขอนแก่น,Smartphone
151,ORD000170,2026-01-18 21:15:00,C0004,P020,1,499.0,0.0,499.0,Marketplace,Bank Transfer,2026-01-18 22:05:00,กรุงเทพมหานคร,Smart Home
152,ORD000171,2026-01-26 20:58:00,C0160,P010,2,891.0,0.0,1782.0,Web,Credit Card,2026-01-26 21:59:00,กรุงเทพมหานคร,Smart Home
153,ORD000172,2026-01-20 16:52:00,C0028,P034,1,299.0,0.1,269.1,Mobile App,PromptPay,2026-01-20 17:39:00,ขอนแก่น,Accessory
154,ORD000173,2026-01-03 06:14:00,C0137,P007,3,27195.0,0.0,81585.0,Marketplace,Credit Card,2026-01-03 08:17:00,ภูเก็ต,Notebook
155,ORD000174,2026-01-28 23:11:00,C0075,P018,4,3990.0,0.05,15162.0,Marketplace,Credit Card,2026-01-28 23:29:00,ระยอง,Smartphone
156,ORD000175,2026-01-26 17:56:00,C0088,P004,3,1564.5,0.0,4693.5,Marketplace,Credit Card,2026-01-26 18:58:00,ภูเก็ต,Smart Home
157,ORD000176,2026-01-21 02:49:00,C0120,P025,2,27195.0,0.0,54390.0,Mobile App,Credit Card,2026-01-21 05:33:00,ขอนแก่น,Accessory
158,ORD000177,2026-01-04 02:29:00,C0015,P027,2,23310.0,0.05,44289.0,Mobile App,Credit Card,2026-01-04 05:23:00,ภูเก็ต,Smartphone
159,ORD000178,2026-01-26 22:57:00,C0127,P028,4,299.0,0.0,1196.0,Mobile App,Bank Transfer,2026-01-27 01:41:00,ภูเก็ต,Smartphone
160,ORD000180,2026-01-06 14:27:00,C0026,P021,1,23310.0,0.0,23310.0,Marketplace,Bank Transfer,2026-01-06 16:40:00,เชียงใหม่,Smart Home
161,ORD000181,2026-01-17 22:36:00,C0078,P007,1,25900.0,0.0,25900.0,Mobile App,PromptPay,2026-01-17 23:43:00,ระยอง,Notebook
162,ORD000182,2026-01-19 01:42:00,C0135,P025,1,23310.0,0.0,23310.0,Mobile App,Credit Card,2026-01-19 02:14:00,กรุงเทพมหานคร,Accessory
163,ORD000183,2026-01-11 14:35:00,C0044,P038,3,11610.0,0.0,34830.0,Web,PromptPay,2026-01-11 14:59:00,กรุงเทพมหานคร,Smartphone
164,ORD000184,2026-01-17 11:36:00,C0154,P019,4,3790.5,0.0,15162.0,Web,PromptPay,2026-01-17 12:30:00,เชียงใหม่,Smartphone
165,ORD000185,2026-01-08 11:35:00,C0140,P028,4,269.1,0.1,968.7600000000001,Mobile App,Credit Card,2026-01-08 11:57:00,ภูเก็ต,Smartphone
166,ORD000187,2026-01-22 17:38:00,C0092,P039,2,990.0,0.0,1980.0,Marketplace,Credit Card,2026-01-22 19:22:00,กรุงเทพมหานคร,Notebook
167,ORD000188,2026-01-22 03:20:00,C0047,P031,4,1490.0,0.05,5662.0,Marketplace,Credit Card,2026-01-22 06:04:00,ระยอง,Smart Home
168,ORD000190,2026-01-28 04:14:00,C0129,P025,4,27195.0,0.0,108780.0,Marketplace,PromptPay,2026-01-28 04:22:00,กรุงเทพมหานคร,Accessory
169,ORD000191,2026-01-17 08:52:00,C0011,P023,1,299.0,0.0,299.0,Mobile App,PromptPay,2026-01-17 11:42:00,ชลบุรี,Accessory
170,ORD000192,2026-01-13 01:30:00,C0101,P039,1,1039.5,0.0,1039.5,Web,Bank Transfer,2026-01-13 02:16:00,ภูเก็ต,Notebook
171,ORD000193,2026-01-18 00:15:00,C0052,P005,2,299.0,0.1,538.2,Mobile App,Credit Card,2026-01-18 00:18:00,ระยอง,Smartphone
172,ORD000194,2026-01-22 00:46:00,C0113,P001,1,299.0,0.1,269.1,Marketplace,Bank Transfer,2026-01-22 02:31:00,ระยอง,Notebook
173,ORD000195,2026-01-11 22:27:00,C0094,P014,2,990.0,0.0,1980.0,Mobile App,Bank Transfer,2026-01-11 23:40:00,ขอนแก่น,Notebook
174,ORD000196,2026-01-20 08:53:00,C0132,P007,1,25900.0,0.1,23310.0,Web,PromptPay,2026-01-20 10:07:00,ชลบุรี,Notebook
175,ORD000197,2026-01-06 22:25:00,C0099,P002,1,1415.5,0.05,1344.725,Web,Credit Card,2026-01-07 01:07:00,ขอนแก่น,Smartphone
176,ORD000198,2026-01-22 16:13:00,C0040,P012,4,990.0,0.1,3564.0,Marketplace,Bank Transfer,2026-01-22 17:18:00,กรุงเทพมหานคร,Accessory
177,ORD000200,2026-01-01 14:06:00,C0097,P004,2,1341.0,0.0,2682.0,Mobile App,PromptPay,2026-01-01 16:49:00,เชียงใหม่,Smart Home
178,ORD000201,2026-01-22 12:04:00,C0059,P022,4,449.1,0.0,1796.4,Marketplace,PromptPay,2026-01-22 14:32:00,ระยอง,Accessory
179,ORD000202,2026-01-04 08:21:00,C0019,P027,2,23310.0,0.05,44289.0,Web,PromptPay,2026-01-04 10:23:00,ระยอง,Smartphone
180,ORD000203,2026-01-12 15:24:00,C0083,P025,1,25900.0,0.0,25900.0,Mobile App,Credit Card,2026-01-12 17:06:00,ขอนแก่น,Accessory
181,ORD000204,2026-01-06 00:39:00,C0131,P036,2,313.95,0.0,627.9,Mobile App,Credit Card,2026-01-06 03:10:00,ระยอง,Notebook
182,ORD000206,2026-01-06 21:44:00,C0008,P023,4,269.1,0.0,1076.4,Web,PromptPay,2026-01-06 23:55:00,ขอนแก่น,Accessory
183,ORD000207,2026-01-11 04:13:00,C0052,P001,1,313.95,0.0,313.95,Marketplace,PromptPay,2026-01-11 05:29:00,ระยอง,Notebook
184,ORD000208,2026-01-25 17:56:00,C0024,P037,4,23310.0,0.1,83916.0,Web,PromptPay,2026-01-25 18:11:00,กรุงเทพมหานคร,Smart Home
185,ORD000209,2026-01-14 02:39:00,C0067,P006,1,284.05,0.0,284.05,Marketplace,PromptPay,2026-01-14 05:29:00,ชลบุรี,Accessory
186,ORD000210,2026-01-26 09:51:00,C0013,P009,1,299.0,0.0,299.0,Mobile App,Credit Card,2026-01-26 11:17:00,เชียงใหม่,Notebook
187,ORD000211,2026-01-24 08:11:00,C0066,P022,2,499.0,0.05,948.0999999999999,Web,Credit Card,2026-01-24 08:30:00,ระยอง,Accessory
188,ORD000212,2026-01-10 23:01:00,C0071,P001,2,284.05,0.1,511.29,Marketplace,Credit Card,2026-01-11 01:18:00,ชลบุรี,Notebook
189,ORD000213,2026-01-17 11:40:00,C0025,P021,1,25900.0,0.0,25900.0,Marketplace,PromptPay,2026-01-17 13:48:00,ชลบุรี,Smart Home
190,ORD000214,2026-01-09 14:42:00,C0014,P019,2,3990.0,0.0,7980.0,Web,Credit Card,2026-01-09 15:24:00,ขอนแก่น,Smartphone
191,ORD000215,2026-01-21 10:20:00,C0040,P036,2,299.0,0.05,568.1,Web,PromptPay,2026-01-21 11:14:00,กรุงเทพมหานคร,Notebook
192,ORD000216,2026-01-28 05:31:00,C0024,P033,1,12255.0,0.0,12255.0,Marketplace,Credit Card,2026-01-28 07:48:00,กรุงเทพมหานคร,Smart Home
193,ORD000218,2026-01-01 18:45:00,C0072,P020,3,474.05,0.1,1279.9350000000002,Mobile App,Bank Transfer,2026-01-01 20:07:00,เชียงใหม่,Smart Home
194,ORD000219,2026-01-10 09:38:00,C0081,P021,1,27195.0,0.0,27195.0,Web,Bank Transfer,2026-01-10 12:03:00,ขอนแก่น,Smart Home
195,ORD000220,2026-01-12 20:20:00,C0135,P037,1,24605.0,0.0,24605.0,Marketplace,Credit Card,2026-01-12 22:17:00,กรุงเทพมหานคร,Smart Home
196,ORD000221,2026-01-25 21:10:00,C0157,P008,4,523.95,0.05,1991.01,Marketplace,Credit Card,2026-01-25 21:26:00,ระยอง,Accessory
197,ORD000222,2026-01-23 20:37:00,C0109,P027,1,24605.0,0.1,22144.5,Mobile App,Credit Card,2026-01-23 22:07:00,กรุงเทพมหานคร,Smartphone
198,ORD000223,2026-01-17 01:11:00,C0051,P014,2,940.5,0.0,1881.0,Marketplace,PromptPay,2026-01-17 01:44:00,เชียงใหม่,Notebook
199,ORD000224,2026-01-14 21:18:00,C0012,P031,1,1490.0,0.0,1490.0,Web,PromptPay,2026-01-14 22:01:00,ขอนแก่น,Smart Home
200,ORD000225,2026-01-16 05:19:00,C0135,P025,1,23310.0,0.05,22144.5,Mobile App,PromptPay,2026-01-16 06:29:00,กรุงเทพมหานคร,Accessory
201,ORD000226,2026-01-08 17:35:00,C0064,P003,3,23310.0,0.0,69930.0,Mobile App,Credit Card,2026-01-08 18:59:00,ขอนแก่น,Smartphone
202,ORD000227,2026-01-02 17:13:00,C0007,P016,1,1490.0,0.0,1490.0,Marketplace,Bank Transfer,2026-01-02 19:15:00,กรุงเทพมหานคร,Accessory
203,ORD000228,2026-01-17 20:14:00,C0053,P028,3,299.0,0.0,897.0,Web,Credit Card,2026-01-17 21:37:00,ระยอง,Smartphone
204,ORD000229,2026-01-08 13:18:00,C0008,P017,2,940.5,0.0,1881.0,Mobile App,Bank Transfer,2026-01-08 14:50:00,ขอนแก่น,Smartphone
205,ORD000230,2026-01-19 20:00:00,C0160,P015,4,299.0,0.1,1076.4,Web,PromptPay,2026-01-19 20:18:00,กรุงเทพมหานคร,Notebook
206,ORD000231,2026-01-11 10:24:00,C0033,P038,1,12900.0,0.0,12900.0,Web,Credit Card,2026-01-11 10:38:00,ระยอง,Smartphone
207,ORD000232,2026-01-08 03:01:00,C0004,P008,1,499.0,0.05,474.04999999999995,Marketplace,PromptPay,2026-01-08 03:06:00,กรุงเทพมหานคร,Accessory
208,ORD000233,2026-01-18 08:14:00,C0085,P007,2,25900.0,0.0,51800.0,Marketplace,PromptPay,2026-01-18 09:31:00,กรุงเทพมหานคร,Notebook
209,ORD000234,2026-01-06 03:24:00,C0025,P026,2,12900.0,0.0,25800.0,Marketplace,Bank Transfer,2026-01-06 04:58:00,ชลบุรี,Smart Home
210,ORD000235,2026-01-12 09:30:00,C0087,P030,3,499.0,0.0,1497.0,Marketplace,PromptPay,2026-01-12 11:42:00,กรุงเทพมหานคร,Smartphone
211,ORD000236,2026-01-19 05:22:00,C0068,P027,1,23310.0,0.05,22144.5,Marketplace,Bank Transfer,2026-01-19 05:28:00,ขอนแก่น,Smartphone
212,ORD000237,2026-01-17 04:02:00,C0020,P030,3,523.95,0.1,1414.6650000000002,Web,Bank Transfer,2026-01-17 04:13:00,ขอนแก่น,Smartphone
213,ORD000238,2026-01-10 23:15:00,C0140,P034,2,313.95,0.0,627.9,Marketplace,Bank Transfer,2026-01-11 02:11:00,ภูเก็ต,Accessory
214,ORD000239,2026-01-27 08:24:00,C0044,P004,2,1490.0,0.0,2980.0,Marketplace,Credit Card,2026-01-27 08:51:00,กรุงเทพมหานคร,Smart Home
215,ORD000240,2026-01-01 04:54:00,C0091,P018,1,3990.0,0.0,3990.0,Mobile App,PromptPay,2026-01-01 06:09:00,ชลบุรี,Smartphone
216,ORD000241,2026-01-24 06:52:00,C0003,P026,3,12255.0,0.0,36765.0,Web,Credit Card,2026-01-24 09:08:00,ขอนแก่น,Smart Home
217,ORD000242,2026-01-08 00:54:00,C0106,P016,2,1490.0,0.0,2980.0,Web,Credit Card,2026-01-08 03:54:00,ภูเก็ต,Accessory
218,ORD000243,2026-01-19 16:38:00,C0129,P013,3,499.0,0.1,1347.3,Mobile App,Bank Transfer,2026-01-19 17:52:00,กรุงเทพมหานคร,Smart Home
219,ORD000244,2026-01-16 14:15:00,C0153,P029,2,3990.0,0.05,7581.0,Web,PromptPay,2026-01-16 16:05:00,ขอนแก่น,Notebook
220,ORD000245,2026-01-11 05:18:00,C0058,P031,1,1415.5,0.1,1273.95,Web,Credit Card,2026-01-11 06:59:00,ระยอง,Smart Home
221,ORD000246,2026-01-12 03:50:00,C0107,P028,1,269.1,0.05,255.645,Mobile App,Bank Transfer,2026-01-12 06:31:00,ระยอง,Smartphone
222,ORD000247,2026-01-20 00:13:00,C0025,P029,2,4189.5,0.05,7960.049999999999,Web,PromptPay,2026-01-20 01:03:00,ชลบุรี,Notebook
223,ORD000248,2026-01-14 08:37:00,C0144,P009,1,284.05,0.0,284.05,Mobile App,PromptPay,2026-01-14 08:56:00,ภูเก็ต,Notebook
224,ORD000249,2026-01-04 01:05:00,C0121,P008,3,499.0,0.0,1497.0,Web,Credit Card,2026-01-04 03:32:00,กรุงเทพมหานคร,Accessory
225,ORD000250,2026-01-20 22:06:00,C0160,P039,3,891.0,0.05,2539.35,Web,Credit Card,2026-01-20 23:00:00,กรุงเทพมหานคร,Notebook
226,ORD000251,2026-01-10 23:16:00,C0014,P010,3,891.0,0.1,2405.7000000000003,Web,Bank Transfer,2026-01-11 00:28:00,ขอนแก่น,Smart Home
227,ORD000252,2026-01-12 07:49:00,C0068,P020,1,449.1,0.1,404.19000000000005,Web,Credit Card,2026-01-12 08:17:00,ขอนแก่น,Smart Home
228,ORD000253,2026-01-05 12:14:00,C0139,P029,4,3990.0,0.1,14364.0,Marketplace,Bank Transfer,2026-01-05 14:03:00,ระยอง,Notebook
229,ORD000254,2026-01-02 14:40:00,C0030,P012,2,990.0,0.0,1980.0,Mobile App,Bank Transfer,2026-01-02 16:51:00,ชลบุรี,Accessory
230,ORD000255,2026-01-26 05:45:00,C0090,P010,2,940.5,0.0,1881.0,Mobile App,PromptPay,2026-01-26 08:04:00,เชียงใหม่,Smart Home
231,ORD000257,2026-01-15 04:48:00,C0016,P014,1,990.0,0.05,940.5,Mobile App,Credit Card,2026-01-15 05:54:00,ชลบุรี,Notebook
232,ORD000258,2026-01-02 00:35:00,C0050,P002,4,1490.0,0.0,5960.0,Web,PromptPay,2026-01-02 02:44:00,เชียงใหม่,Smartphone
233,ORD000259,2026-01-18 01:24:00,C0102,P039,3,1039.5,0.1,2806.65,Marketplace,PromptPay,2026-01-18 02:01:00,ระยอง,Notebook
234,ORD000260,2026-01-06 12:56:00,C0151,P029,4,4189.5,0.1,15082.2,Marketplace,Bank Transfer,2026-01-06 14:03:00,ชลบุรี,Notebook
235,ORD000261,2026-01-19 00:17:00,C0037,P032,1,25900.0,0.0,25900.0,Web,Credit Card,2026-01-19 03:05:00,ภูเก็ต,Notebook
236,ORD000263,2026-01-21 09:23:00,C0019,P019,2,3990.0,0.1,7182.0,Mobile App,Bank Transfer,2026-01-21 12:13:00,ระยอง,Smartphone
237,ORD000264,2026-01-15 23:38:00,C0110,P018,2,3990.0,0.1,7182.0,Mobile App,Bank Transfer,2026-01-16 01:52:00,เชียงใหม่,Smartphone
238,ORD000265,2026-01-25 21:34:00,C0116,P031,2,1490.0,0.05,2831.0,Web,PromptPay,2026-01-25 22:52:00,ระยอง,Smart Home
239,ORD000268,2026-01-13 08:12:00,C0045,P018,3,3591.0,0.0,10773.0,Mobile App,Credit Card,2026-01-13 08:58:00,เชียงใหม่,Smartphone
240,ORD000269,2026-01-16 02:11:00,C0115,P012,4,1039.5,0.0,4158.0,Marketplace,Bank Transfer,2026-01-16 03:31:00,ระยอง,Accessory
241,ORD000270,2026-01-12 19:00:00,C0087,P030,3,449.1,0.05,1279.9350000000002,Web,Bank Transfer,2026-01-12 19:18:00,กรุงเทพมหานคร,Smartphone
242,ORD000271,2026-01-07 11:25:00,C0091,P035,2,23310.0,0.0,46620.0,Web,Credit Card,2026-01-07 14:14:00,ชลบุรี,Accessory
243,ORD000272,2026-01-19 03:26:00,C0159,P038,1,13545.0,0.0,13545.0,Mobile App,Credit Card,2026-01-19 04:25:00,ภูเก็ต,Smartphone
244,ORD000273,2026-01-12 05:23:00,C0008,P005,1,269.1,0.0,269.1,Mobile App,Credit Card,2026-01-12 06:20:00,ขอนแก่น,Smartphone
245,ORD000274,2026-01-10 19:46:00,C0157,P028,2,299.0,0.0,598.0,Web,PromptPay,2026-01-10 22:12:00,ระยอง,Smartphone
246,ORD000275,2026-01-28 07:37:00,C0031,P032,1,23310.0,0.0,23310.0,Mobile App,Bank Transfer,2026-01-28 08:56:00,กรุงเทพมหานคร,Notebook
247,ORD000277,2026-01-08 09:08:00,C0007,P009,3,299.0,0.0,897.0,Marketplace,Bank Transfer,2026-01-08 11:22:00,กรุงเทพมหานคร,Notebook
248,ORD000278,2026-01-09 23:49:00,C0002,P015,2,313.95,0.0,627.9,Marketplace,Credit Card,2026-01-10 02:25:00,ชลบุรี,Notebook
249,ORD000279,2026-01-21 01:07:00,C0004,P040,2,3990.0,0.0,7980.0,Mobile App,PromptPay,2026-01-21 02:34:00,กรุงเทพมหานคร,Accessory
250,ORD000280,2026-01-27 03:52:00,C0101,P004,2,1490.0,0.05,2831.0,Web,Credit Card,2026-01-27 04:58:00,ภูเก็ต,Smart Home
251,ORD000281,2026-01-04 23:47:00,C0099,P011,1,23310.0,0.0,23310.0,Mobile App,Bank Transfer,2026-01-05 01:18:00,ขอนแก่น,Accessory
252,ORD000282,2026-01-18 02:19:00,C0137,P026,1,12900.0,0.0,12900.0,Marketplace,PromptPay,2026-01-18 04:13:00,ภูเก็ต,Smart Home
253,ORD000283,2026-01-05 22:30:00,C0078,P010,2,1039.5,0.0,2079.0,Web,PromptPay,2026-01-05 22:38:00,ระยอง,Smart Home
254,ORD000284,2026-01-07 09:47:00,C0115,P035,3,25900.0,0.0,77700.0,Web,PromptPay,2026-01-07 11:53:00,ระยอง,Accessory
255,ORD000286,2026-01-25 11:47:00,C0106,P027,2,25900.0,0.05,49210.0,Marketplace,PromptPay,2026-01-25 13:38:00,ภูเก็ต,Smartphone
256,ORD000287,2026-01-17 00:04:00,C0074,P026,1,12255.0,0.0,12255.0,Marketplace,Bank Transfer,2026-01-17 02:51:00,ขอนแก่น,Smart Home
257,ORD000288,2026-01-07 04:21:00,C0005,P029,3,3990.0,0.0,11970.0,Marketplace,PromptPay,2026-01-07 04:36:00,ระยอง,Notebook
258,ORD000289,2026-01-15 09:31:00,C0083,P029,3,3790.5,0.0,11371.5,Marketplace,Bank Transfer,2026-01-15 09:43:00,ขอนแก่น,Notebook
259,ORD000290,2026-01-12 13:01:00,C0038,P034,4,299.0,0.0,1196.0,Web,Credit Card,2026-01-12 14:21:00,ชลบุรี,Accessory
260,ORD000291,2026-01-27 10:12:00,C0158,P036,3,299.0,0.1,807.3000000000001,Mobile App,PromptPay,2026-01-27 10:43:00,เชียงใหม่,Notebook
261,ORD000292,2026-01-24 12:23:00,C0130,P013,1,474.05,0.05,450.34749999999997,Mobile App,Bank Transfer,2026-01-24 14:47:00,ภูเก็ต,Smart Home
262,ORD000293,2026-01-12 19:17:00,C0048,P037,3,24605.0,0.0,73815.0,Web,PromptPay,2026-01-12 20:54:00,กรุงเทพมหานคร,Smart Home
263,ORD000295,2026-01-04 05:04:00,C0054,P036,2,313.95,0.1,565.11,Mobile App,PromptPay,2026-01-04 05:52:00,กรุงเทพมหานคร,Notebook
264,ORD000296,2026-01-16 06:57:00,C0104,P036,1,284.05,0.0,284.05,Marketplace,Bank Transfer,2026-01-16 07:02:00,ระยอง,Notebook
265,ORD000297,2026-01-15 13:14:00,C0123,P019,2,3990.0,0.05,7581.0,Mobile App,PromptPay,2026-01-15 15:38:00,ระยอง,Smartphone
266,ORD000298,2026-01-27 17:42:00,C0122,P039,2,891.0,0.1,1603.8,Marketplace,Credit Card,2026-01-27 19:15:00,ขอนแก่น,Notebook
267,ORD000299,2026-01-02 22:35:00,C0009,P021,3,24605.0,0.1,66433.5,Web,Bank Transfer,2026-01-03 00:20:00,ภูเก็ต,Smart Home
268,ORD000300,2026-01-20 05:53:00,C0138,P009,2,269.1,0.1,484.38000000000005,Web,PromptPay,2026-01-20 06:26:00,กรุงเทพมหานคร,Notebook
269,ORD000301,2026-01-12 08:38:00,C0013,P040,4,3990.0,0.0,15960.0,Marketplace,Bank Transfer,2026-01-12 10:45:00,เชียงใหม่,Accessory
270,ORD000302,2026-01-02 04:34:00,C0081,P026,1,11610.0,0.05,11029.5,Mobile App,PromptPay,2026-01-02 06:41:00,ขอนแก่น,Smart Home
271,ORD000303,2026-01-20 15:52:00,C0101,P026,4,12900.0,0.0,51600.0,Marketplace,PromptPay,2026-01-20 17:24:00,ภูเก็ต,Smart Home
272,ORD000304,2026-01-04 19:27:00,C0147,P009,4,313.95,0.0,1255.8,Mobile App,Credit Card,2026-01-04 21:36:00,ชลบุรี,Notebook
273,ORD000305,2026-01-26 21:33:00,C0116,P030,1,499.0,0.05,474.04999999999995,Web,Credit Card,2026-01-27 00:16:00,ระยอง,Smartphone
274,ORD000306,2026-01-22 16:20:00,C0126,P032,1,27195.0,0.0,27195.0,Mobile App,PromptPay,2026-01-22 16:52:00,เชียงใหม่,Notebook
275,ORD000307,2026-01-14 05:12:00,C0109,P039,3,1039.5,0.0,3118.5,Web,Credit Card,2026-01-14 06:46:00,กรุงเทพมหานคร,Notebook
276,ORD000308,2026-01-06 21:33:00,C0019,P037,4,23310.0,0.0,93240.0,Marketplace,Credit Card,2026-01-06 22:49:00,ระยอง,Smart Home
277,ORD000309,2026-01-16 01:10:00,C0081,P015,1,299.0,0.0,299.0,Marketplace,PromptPay,2026-01-16 02:32:00,ขอนแก่น,Notebook
278,ORD000311,2026-01-13 17:06:00,C0144,P032,3,25900.0,0.1,69930.0,Mobile App,PromptPay,2026-01-13 17:17:00,ภูเก็ต,Notebook
279,ORD000312,2026-01-04 13:24:00,C0011,P026,1,12900.0,0.0,12900.0,Mobile App,PromptPay,2026-01-04 14:00:00,ชลบุรี,Smart Home
280,ORD000315,2026-01-21 13:58:00,C0037,P016,1,1564.5,0.0,1564.5,Marketplace,Bank Transfer,2026-01-21 14:19:00,ภูเก็ต,Accessory
281,ORD000316,2026-01-15 06:25:00,C0140,P021,1,27195.0,0.0,27195.0,Web,Credit Card,2026-01-15 09:11:00,ภูเก็ต,Smart Home
282,ORD000317,2026-01-26 07:49:00,C0068,P022,1,499.0,0.0,499.0,Marketplace,Bank Transfer,2026-01-26 10:10:00,ขอนแก่น,Accessory
283,ORD000318,2026-01-04 17:13:00,C0008,P002,1,1490.0,0.0,1490.0,Mobile App,Credit Card,2026-01-04 17:44:00,ขอนแก่น,Smartphone
284,ORD000319,2026-01-28 14:43:00,C0150,P013,1,499.0,0.0,499.0,Web,Bank Transfer,2026-01-28 17:09:00,เชียงใหม่,Smart Home
285,ORD000320,2026-01-05 23:01:00,C0109,P008,1,523.95,0.0,523.95,Marketplace,Bank Transfer,2026-01-06 00:18:00,กรุงเทพมหานคร,Accessory
286,ORD000321,2026-01-04 08:53:00,C0079,P014,1,990.0,0.1,891.0,Mobile App,Bank Transfer,2026-01-04 10:21:00,ภูเก็ต,Notebook
287,ORD000323,2026-01-28 04:05:00,C0151,P032,1,25900.0,0.0,25900.0,Mobile App,Credit Card,2026-01-28 04:59:00,ชลบุรี,Notebook
288,ORD000324,2026-01-13 14:46:00,C0044,P039,3,891.0,0.1,2405.7000000000003,Mobile App,Bank Transfer,2026-01-13 17:04:00,กรุงเทพมหานคร,Notebook
289,ORD000325,2026-01-07 06:28:00,C0012,P018,1,4189.5,0.0,4189.5,Mobile App,Credit Card,2026-01-07 08:31:00,ขอนแก่น,Smartphone
290,ORD000327,2026-01-09 08:32:00,C0123,P020,3,474.05,0.0,1422.15,Mobile App,PromptPay,2026-01-09 10:26:00,ระยอง,Smart Home
291,ORD000328,2026-01-23 13:01:00,C0046,P016,2,1341.0,0.0,2682.0,Mobile App,PromptPay,2026-01-23 13:55:00,ชลบุรี,Accessory
292,ORD000329,2026-01-24 00:32:00,C0140,P008,1,499.0,0.05,474.04999999999995,Marketplace,Bank Transfer,2026-01-24 03:18:00,ภูเก็ต,Accessory
293,ORD000330,2026-01-12 11:00:00,C0020,P028,3,269.1,0.0,807.3000000000001,Web,PromptPay,2026-01-12 11:50:00,ขอนแก่น,Smartphone
294,ORD000331,2026-01-24 02:37:00,C0090,P035,1,24605.0,0.0,24605.0,Marketplace,Credit Card,2026-01-24 04:21:00,เชียงใหม่,Accessory
295,ORD000332,2026-01-23 04:50:00,C0135,P003,2,25900.0,0.05,49210.0,Marketplace,Bank Transfer,2026-01-23 05:08:00,กรุงเทพมหานคร,Smartphone
296,ORD000333,2026-01-20 03:21:00,C0143,P011,2,25900.0,0.0,51800.0,Web,PromptPay,2026-01-20 05:27:00,เชียงใหม่,Accessory
297,ORD000334,2026-01-03 11:55:00,C0090,P021,1,24605.0,0.1,22144.5,Mobile App,Credit Card,2026-01-03 14:23:00,เชียงใหม่,Smart Home
298,ORD000335,2026-01-18 07:01:00,C0114,P019,2,3990.0,0.0,7980.0,Web,Bank Transfer,2026-01-18 08:42:00,เชียงใหม่,Smartphone
299,ORD000336,2026-01-27 00:17:00,C0058,P021,2,24605.0,0.0,49210.0,Marketplace,Bank Transfer,2026-01-27 01:36:00,ระยอง,Smart Home
300,ORD000337,2026-01-16 00:09:00,C0061,P019,1,3990.0,0.1,3591.0,Mobile App,Credit Card,2026-01-16 00:35:00,ขอนแก่น,Smartphone
301,ORD000338,2026-01-27 15:41:00,C0036,P024,2,313.95,0.0,627.9,Marketplace,Bank Transfer,2026-01-27 17:48:00,กรุงเทพมหานคร,Accessory
302,ORD000339,2026-01-24 07:46:00,C0140,P003,2,24605.0,0.0,49210.0,Web,PromptPay,2026-01-24 08:27:00,ภูเก็ต,Smartphone
303,ORD000340,2026-01-21 07:12:00,C0040,P005,3,313.95,0.0,941.8499999999999,Mobile App,Bank Transfer,2026-01-21 09:33:00,กรุงเทพมหานคร,Smartphone
304,ORD000341,2026-01-24 01:27:00,C0159,P012,1,891.0,0.0,891.0,Marketplace,Bank Transfer,2026-01-24 03:27:00,ภูเก็ต,Accessory
305,ORD000342,2026-01-26 00:15:00,C0029,P036,3,299.0,0.1,807.3000000000001,Web,PromptPay,2026-01-26 01:32:00,ขอนแก่น,Notebook
306,ORD000343,2026-01-24 15:07:00,C0008,P033,4,12900.0,0.0,51600.0,Mobile App,PromptPay,2026-01-24 15:32:00,ขอนแก่น,Smart Home
307,ORD000344,2026-01-03 07:19:00,C0140,P032,4,23310.0,0.0,93240.0,Marketplace,PromptPay,2026-01-03 08:00:00,ภูเก็ต,Notebook
308,ORD000345,2026-01-06 18:55:00,C0129,P012,1,940.5,0.0,940.5,Web,Bank Transfer,2026-01-06 20:15:00,กรุงเทพมหานคร,Accessory
309,ORD000346,2026-01-17 20:22:00,C0018,P021,4,24605.0,0.0,98420.0,Web,Bank Transfer,2026-01-17 21:14:00,ขอนแก่น,Smart Home
310,ORD000348,2026-01-08 09:01:00,C0079,P010,4,891.0,0.0,3564.0,Marketplace,Credit Card,2026-01-08 10:08:00,ภูเก็ต,Smart Home
311,ORD000349,2026-01-13 15:09:00,C0011,P027,4,23310.0,0.1,83916.0,Mobile App,Bank Transfer,2026-01-13 16:38:00,ชลบุรี,Smartphone
312,ORD000350,2026-01-11 09:57:00,C0155,P024,2,269.1,0.05,511.29,Mobile App,Credit Card,2026-01-11 11:09:00,เชียงใหม่,Accessory
313,ORD000351,2026-01-17 17:41:00,C0119,P030,2,499.0,0.0,998.0,Marketplace,Credit Card,2026-01-17 18:25:00,ขอนแก่น,Smartphone
314,ORD000352,2026-01-21 13:44:00,C0076,P022,1,449.1,0.05,426.645,Marketplace,Bank Transfer,2026-01-21 14:08:00,ระยอง,Accessory
315,ORD000353,2026-01-22 13:13:00,C0032,P006,1,299.0,0.0,299.0,Marketplace,Bank Transfer,2026-01-22 15:41:00,ระยอง,Accessory
316,ORD000354,2026-01-19 08:37:00,C0032,P023,1,299.0,0.0,299.0,Marketplace,Bank Transfer,2026-01-19 10:06:00,ระยอง,Accessory
317,ORD000355,2026-01-10 07:21:00,C0112,P016,1,1564.5,0.0,1564.5,Marketplace,Bank Transfer,2026-01-10 07:25:00,กรุงเทพมหานคร,Accessory
318,ORD000356,2026-01-02 23:47:00,C0158,P016,2,1564.5,0.05,2972.5499999999997,Marketplace,Credit Card,2026-01-03 01:50:00,เชียงใหม่,Accessory
319,ORD000357,2026-01-18 15:19:00,C0087,P020,2,449.1,0.05,853.29,Marketplace,Credit Card,2026-01-18 17:51:00,กรุงเทพมหานคร,Smart Home
320,ORD000358,2026-01-05 18:00:00,C0063,P002,4,1415.5,0.1,5095.8,Mobile App,Credit Card,2026-01-05 18:03:00,ระยอง,Smartphone
321,ORD000359,2026-01-14 22:16:00,C0151,P016,1,1564.5,0.0,1564.5,Marketplace,Bank Transfer,2026-01-14 22:52:00,ชลบุรี,Accessory
322,ORD000360,2026-01-24 07:27:00,C0009,P015,2,269.1,0.0,538.2,Marketplace,Credit Card,2026-01-24 09:45:00,ภูเก็ต,Notebook
323,ORD000361,2026-02-19 02:59:00,C0124,P019,1,4189.5,0.05,3980.0249999999996,Web,Bank Transfer,2026-02-19 05:29:00,กรุงเทพมหานคร,Smartphone
324,ORD000362,2026-02-20 07:33:00,C0072,P039,2,940.5,0.05,1786.9499999999998,Web,PromptPay,2026-02-20 08:35:00,เชียงใหม่,Notebook
325,ORD000363,2026-02-08 06:17:00,C0136,P014,2,940.5,0.05,1786.9499999999998,Mobile App,PromptPay,2026-02-08 08:22:00,ระยอง,Notebook
326,ORD000364,2026-02-16 06:58:00,C0077,P038,2,12900.0,0.0,25800.0,Web,Credit Card,2026-02-16 07:47:00,เชียงใหม่,Smartphone
327,ORD000365,2026-02-23 13:30:00,C0139,P004,2,1490.0,0.0,2980.0,Marketplace,Credit Card,2026-02-23 13:35:00,ระยอง,Smart Home
328,ORD000366,2026-02-14 20:28:00,C0088,P004,1,1490.0,0.0,1490.0,Marketplace,Credit Card,2026-02-14 20:32:00,ภูเก็ต,Smart Home
329,ORD000369,2026-02-22 01:54:00,C0037,P033,3,13545.0,0.0,40635.0,Mobile App,Credit Card,2026-02-22 03:25:00,ภูเก็ต,Smart Home
330,ORD000370,2026-02-05 13:06:00,C0050,P006,2,284.05,0.05,539.695,Marketplace,PromptPay,2026-02-05 15:17:00,เชียงใหม่,Accessory
331,ORD000371,2026-02-06 02:30:00,C0155,P029,4,3990.0,0.0,15960.0,Web,PromptPay,2026-02-06 05:03:00,เชียงใหม่,Notebook
332,ORD000372,2026-02-03 18:30:00,C0096,P025,2,27195.0,0.1,48951.0,Mobile App,Bank Transfer,2026-02-03 20:56:00,กรุงเทพมหานคร,Accessory
333,ORD000373,2026-02-05 22:22:00,C0081,P028,1,269.1,0.05,255.645,Marketplace,Credit Card,2026-02-05 23:00:00,ขอนแก่น,Smartphone
334,ORD000374,2026-02-12 03:57:00,C0101,P040,1,3591.0,0.0,3591.0,Web,Credit Card,2026-02-12 05:01:00,ภูเก็ต,Accessory
335,ORD000375,2026-02-16 10:59:00,C0034,P008,1,474.05,0.05,450.34749999999997,Web,PromptPay,2026-02-16 11:10:00,ภูเก็ต,Accessory
336,ORD000376,2026-02-26 11:51:00,C0155,P027,4,27195.0,0.0,108780.0,Mobile App,Credit Card,2026-02-26 13:45:00,เชียงใหม่,Smartphone
337,ORD000377,2026-02-18 10:54:00,C0114,P014,1,891.0,0.0,891.0,Web,PromptPay,2026-02-18 13:06:00,เชียงใหม่,Notebook
338,ORD000378,2026-02-03 18:47:00,C0118,P002,4,1415.5,0.1,5095.8,Marketplace,Credit Card,2026-02-03 21:18:00,ระยอง,Smartphone
339,ORD000379,2026-02-26 21:04:00,C0002,P010,1,1039.5,0.05,987.525,Mobile App,Credit Card,2026-02-26 23:45:00,ชลบุรี,Smart Home
340,ORD000380,2026-02-04 17:51:00,C0045,P026,3,11610.0,0.05,33088.5,Web,PromptPay,2026-02-04 18:14:00,เชียงใหม่,Smart Home
341,ORD000381,2026-02-09 10:43:00,C0077,P007,1,24605.0,0.0,24605.0,Mobile App,Bank Transfer,2026-02-09 13:34:00,เชียงใหม่,Notebook
342,ORD000384,2026-02-14 07:10:00,C0013,P038,1,13545.0,0.05,12867.75,Marketplace,PromptPay,2026-02-14 07:53:00,เชียงใหม่,Smartphone
343,ORD000385,2026-02-12 03:57:00,C0089,P028,4,299.0,0.0,1196.0,Web,Credit Card,2026-02-12 06:23:00,ชลบุรี,Smartphone
344,ORD000387,2026-02-12 10:15:00,C0071,P028,4,313.95,0.0,1255.8,Marketplace,Bank Transfer,2026-02-12 11:47:00,ชลบุรี,Smartphone
345,ORD000388,2026-02-22 14:44:00,C0100,P018,2,3591.0,0.0,7182.0,Web,Credit Card,2026-02-22 17:25:00,กรุงเทพมหานคร,Smartphone
346,ORD000389,2026-02-15 15:29:00,C0051,P032,2,25900.0,0.0,51800.0,Marketplace,Credit Card,2026-02-15 18:16:00,เชียงใหม่,Notebook
347,ORD000390,2026-02-04 07:56:00,C0159,P026,3,11610.0,0.0,34830.0,Mobile App,Bank Transfer,2026-02-04 09:09:00,ภูเก็ต,Smart Home
348,ORD000391,2026-02-18 08:58:00,C0101,P020,2,449.1,0.0,898.2,Mobile App,Credit Card,2026-02-18 09:31:00,ภูเก็ต,Smart Home
349,ORD000392,2026-02-26 06:39:00,C0107,P023,1,269.1,0.0,269.1,Mobile App,Credit Card,2026-02-26 08:14:00,ระยอง,Accessory
350,ORD000394,2026-02-06 06:54:00,C0015,P007,2,24605.0,0.1,44289.0,Web,Bank Transfer,2026-02-06 09:38:00,ภูเก็ต,Notebook
351,ORD000395,2026-02-12 15:38:00,C0008,P020,1,499.0,0.0,499.0,Web,Bank Transfer,2026-02-12 15:41:00,ขอนแก่น,Smart Home
352,ORD000397,2026-02-06 11:40:00,C0015,P040,2,3990.0,0.1,7182.0,Marketplace,PromptPay,2026-02-06 12:31:00,ภูเก็ต,Accessory
353,ORD000398,2026-02-20 16:01:00,C0095,P040,2,3990.0,0.0,7980.0,Marketplace,Credit Card,2026-02-20 17:09:00,ระยอง,Accessory
354,ORD000400,2026-02-19 15:10:00,C0078,P035,4,27195.0,0.0,108780.0,Web,PromptPay,2026-02-19 17:01:00,ระยอง,Accessory
355,ORD000401,2026-02-16 16:25:00,C0085,P013,3,499.0,0.1,1347.3,Marketplace,Bank Transfer,2026-02-16 18:28:00,กรุงเทพมหานคร,Smart Home
356,ORD000402,2026-02-16 20:27:00,C0084,P030,1,523.95,0.05,497.7525,Web,PromptPay,2026-02-16 23:00:00,กรุงเทพมหานคร,Smartphone
357,ORD000403,2026-02-17 06:30:00,C0107,P031,1,1490.0,0.0,1490.0,Mobile App,Credit Card,2026-02-17 08:01:00,ระยอง,Smart Home
358,ORD000405,2026-02-27 09:47:00,C0070,P001,1,299.0,0.0,299.0,Marketplace,PromptPay,2026-02-27 10:57:00,เชียงใหม่,Notebook
359,ORD000406,2026-02-04 00:37:00,C0144,P035,3,23310.0,0.0,69930.0,Web,Credit Card,2026-02-04 01:48:00,ภูเก็ต,Accessory
360,ORD000407,2026-02-28 08:21:00,C0100,P027,4,23310.0,0.1,83916.0,Web,PromptPay,2026-02-28 11:09:00,กรุงเทพมหานคร,Smartphone
361,ORD000408,2026-02-27 20:30:00,C0047,P032,2,25900.0,0.05,49210.0,Marketplace,PromptPay,2026-02-27 20:36:00,ระยอง,Notebook
362,ORD000409,2026-02-17 18:03:00,C0071,P035,3,27195.0,0.0,81585.0,Mobile App,Credit Card,2026-02-17 18:22:00,ชลบุรี,Accessory
363,ORD000411,2026-02-10 01:56:00,C0030,P025,1,25900.0,0.0,25900.0,Mobile App,Credit Card,2026-02-10 04:29:00,ชลบุรี,Accessory
364,ORD000412,2026-02-11 23:14:00,C0088,P025,2,25900.0,0.0,51800.0,Web,Credit Card,2026-02-12 02:03:00,ภูเก็ต,Accessory
365,ORD000413,2026-02-12 05:32:00,C0125,P005,2,313.95,0.0,627.9,Web,Bank Transfer,2026-02-12 07:20:00,เชียงใหม่,Smartphone
366,ORD000414,2026-02-18 15:53:00,C0072,P019,1,3591.0,0.0,3591.0,Web,Credit Card,2026-02-18 17:19:00,เชียงใหม่,Smartphone
367,ORD000415,2026-02-15 12:42:00,C0007,P037,4,24605.0,0.0,98420.0,Marketplace,Credit Card,2026-02-15 13:09:00,กรุงเทพมหานคร,Smart Home
368,ORD000416,2026-02-06 05:45:00,C0109,P023,2,299.0,0.0,598.0,Mobile App,Bank Transfer,2026-02-06 07:35:00,กรุงเทพมหานคร,Accessory
369,ORD000418,2026-02-26 17:39:00,C0097,P018,2,3790.5,0.05,7201.95,Marketplace,Credit Card,2026-02-26 19:56:00,เชียงใหม่,Smartphone
370,ORD000419,2026-02-12 23:28:00,C0015,P002,1,1341.0,0.1,1206.9,Marketplace,Bank Transfer,2026-02-13 02:09:00,ภูเก็ต,Smartphone
371,ORD000420,2026-02-09 09:44:00,C0056,P021,1,23310.0,0.1,20979.0,Mobile App,Bank Transfer,2026-02-09 12:05:00,เชียงใหม่,Smart Home
372,ORD000421,2026-02-14 04:43:00,C0160,P023,3,284.05,0.1,766.9350000000001,Marketplace,Bank Transfer,2026-02-14 06:37:00,กรุงเทพมหานคร,Accessory
373,ORD000422,2026-02-27 13:36:00,C0160,P001,3,299.0,0.0,897.0,Mobile App,PromptPay,2026-02-27 16:23:00,กรุงเทพมหานคร,Notebook
374,ORD000423,2026-02-04 18:44:00,C0047,P027,4,24605.0,0.0,98420.0,Web,Bank Transfer,2026-02-04 21:21:00,ระยอง,Smartphone
375,ORD000424,2026-02-19 22:35:00,C0002,P007,1,24605.0,0.05,23374.75,Web,Credit Card,2026-02-19 22:53:00,ชลบุรี,Notebook
376,ORD000425,2026-02-17 18:53:00,C0145,P003,2,25900.0,0.0,51800.0,Web,PromptPay,2026-02-17 21:34:00,ภูเก็ต,Smartphone
377,ORD000426,2026-02-25 09:55:00,C0043,P027,4,25900.0,0.0,103600.0,Web,Credit Card,2026-02-25 11:08:00,ระยอง,Smartphone
378,ORD000428,2026-02-01 09:32:00,C0036,P032,2,27195.0,0.0,54390.0,Mobile App,Bank Transfer,2026-02-01 11:02:00,กรุงเทพมหานคร,Notebook
379,ORD000429,2026-02-02 17:59:00,C0036,P004,3,1490.0,0.0,4470.0,Web,PromptPay,2026-02-02 20:32:00,กรุงเทพมหานคร,Smart Home
380,ORD000431,2026-02-05 17:40:00,C0017,P019,1,3790.5,0.1,3411.4500000000003,Marketplace,Credit Card,2026-02-05 18:01:00,กรุงเทพมหานคร,Smartphone
381,ORD000432,2026-02-04 04:23:00,C0119,P025,4,25900.0,0.0,103600.0,Marketplace,PromptPay,2026-02-04 06:56:00,ขอนแก่น,Accessory
382,ORD000433,2026-02-11 22:26:00,C0043,P009,2,284.05,0.05,539.695,Mobile App,Bank Transfer,2026-02-11 23:59:00,ระยอง,Notebook
383,ORD000434,2026-02-23 16:44:00,C0114,P025,1,25900.0,0.1,23310.0,Mobile App,Bank Transfer,2026-02-23 19:04:00,เชียงใหม่,Accessory
384,ORD000435,2026-02-13 04:16:00,C0130,P010,2,891.0,0.05,1692.8999999999999,Mobile App,PromptPay,2026-02-13 06:40:00,ภูเก็ต,Smart Home
385,ORD000437,2026-02-24 08:52:00,C0059,P014,2,990.0,0.0,1980.0,Web,PromptPay,2026-02-24 11:51:00,ระยอง,Notebook
386,ORD000439,2026-02-20 02:29:00,C0112,P002,3,1564.5,0.0,4693.5,Mobile App,Credit Card,2026-02-20 05:19:00,กรุงเทพมหานคร,Smartphone
387,ORD000440,2026-02-22 17:06:00,C0063,P008,2,449.1,0.0,898.2,Web,Credit Card,2026-02-22 18:29:00,ระยอง,Accessory
388,ORD000441,2026-02-22 07:08:00,C0032,P024,1,299.0,0.0,299.0,Mobile App,Bank Transfer,2026-02-22 07:12:00,ระยอง,Accessory
389,ORD000442,2026-02-23 13:16:00,C0105,P010,1,1039.5,0.1,935.5500000000001,Marketplace,PromptPay,2026-02-23 14:37:00,ภูเก็ต,Smart Home
390,ORD000443,2026-02-19 19:44:00,C0117,P003,4,24605.0,0.0,98420.0,Web,PromptPay,2026-02-19 19:47:00,ชลบุรี,Smartphone
391,ORD000444,2026-02-12 16:42:00,C0030,P030,3,499.0,0.0,1497.0,Marketplace,PromptPay,2026-02-12 17:48:00,ชลบุรี,Smartphone
392,ORD000445,2026-02-10 13:38:00,C0054,P025,1,24605.0,0.0,24605.0,Mobile App,Bank Transfer,2026-02-10 14:36:00,กรุงเทพมหานคร,Accessory
393,ORD000446,2026-02-09 12:07:00,C0062,P012,1,990.0,0.0,990.0,Mobile App,Bank Transfer,2026-02-09 13:35:00,ระยอง,Accessory
394,ORD000447,2026-02-24 03:42:00,C0085,P024,1,313.95,0.0,313.95,Mobile App,PromptPay,2026-02-24 03:49:00,กรุงเทพมหานคร,Accessory
395,ORD000448,2026-02-15 13:01:00,C0096,P004,2,1341.0,0.05,2547.9,Web,PromptPay,2026-02-15 15:20:00,กรุงเทพมหานคร,Smart Home
396,ORD000449,2026-02-27 08:06:00,C0038,P031,3,1341.0,0.0,4023.0,Web,Credit Card,2026-02-27 08:23:00,ชลบุรี,Smart Home
397,ORD000450,2026-02-08 18:36:00,C0037,P011,1,25900.0,0.0,25900.0,Marketplace,Credit Card,2026-02-08 20:03:00,ภูเก็ต,Accessory
398,ORD000451,2026-02-15 01:08:00,C0028,P032,4,27195.0,0.05,103341.0,Marketplace,Bank Transfer,2026-02-15 03:31:00,ขอนแก่น,Notebook
399,ORD000452,2026-02-12 08:11:00,C0022,P005,4,299.0,0.0,1196.0,Mobile App,Credit Card,2026-02-12 11:02:00,กรุงเทพมหานคร,Smartphone
400,ORD000453,2026-02-02 03:17:00,C0105,P040,3,3990.0,0.05,11371.5,Web,PromptPay,2026-02-02 05:28:00,ภูเก็ต,Accessory
401,ORD000454,2026-02-17 21:52:00,C0087,P011,1,27195.0,0.05,25835.25,Mobile App,Bank Transfer,2026-02-17 23:01:00,กรุงเทพมหานคร,Accessory
402,ORD000456,2026-02-19 18:32:00,C0155,P039,3,990.0,0.1,2673.0,Web,Bank Transfer,2026-02-19 19:21:00,เชียงใหม่,Notebook
403,ORD000460,2026-02-17 04:59:00,C0040,P011,3,27195.0,0.0,81585.0,Mobile App,Bank Transfer,2026-02-17 05:29:00,กรุงเทพมหานคร,Accessory
404,ORD000461,2026-02-12 00:01:00,C0143,P015,2,299.0,0.1,538.2,Mobile App,PromptPay,2026-02-12 01:41:00,เชียงใหม่,Notebook
405,ORD000462,2026-02-28 03:21:00,C0077,P003,2,25900.0,0.05,49210.0,Mobile App,Bank Transfer,2026-02-28 03:51:00,เชียงใหม่,Smartphone
406,ORD000463,2026-02-20 13:20:00,C0062,P030,4,523.95,0.0,2095.8,Marketplace,PromptPay,2026-02-20 14:06:00,ระยอง,Smartphone
407,ORD000465,2026-02-12 07:50:00,C0002,P011,1,27195.0,0.1,24475.5,Mobile App,PromptPay,2026-02-12 09:18:00,ชลบุรี,Accessory
408,ORD000466,2026-02-17 18:53:00,C0044,P004,1,1341.0,0.0,1341.0,Mobile App,Bank Transfer,2026-02-17 19:26:00,กรุงเทพมหานคร,Smart Home
409,ORD000467,2026-02-26 11:09:00,C0117,P017,4,990.0,0.1,3564.0,Mobile App,PromptPay,2026-02-26 13:26:00,ชลบุรี,Smartphone
410,ORD000469,2026-02-20 23:00:00,C0033,P004,4,1415.5,0.05,5378.9,Marketplace,Bank Transfer,2026-02-21 00:18:00,ระยอง,Smart Home
411,ORD000470,2026-02-21 21:44:00,C0076,P004,2,1415.5,0.0,2831.0,Mobile App,Credit Card,2026-02-22 00:16:00,ระยอง,Smart Home
412,ORD000471,2026-02-13 13:59:00,C0068,P032,4,27195.0,0.0,108780.0,Web,PromptPay,2026-02-13 14:43:00,ขอนแก่น,Notebook
413,ORD000472,2026-02-06 07:32:00,C0155,P017,2,1039.5,0.1,1871.1000000000001,Mobile App,Credit Card,2026-02-06 09:03:00,เชียงใหม่,Smartphone
414,ORD000473,2026-02-06 17:53:00,C0059,P005,1,299.0,0.0,299.0,Marketplace,Credit Card,2026-02-06 19:42:00,ระยอง,Smartphone
415,ORD000474,2026-02-05 22:44:00,C0008,P019,1,4189.5,0.0,4189.5,Web,PromptPay,2026-02-05 23:58:00,ขอนแก่น,Smartphone
416,ORD000475,2026-02-15 05:43:00,C0085,P018,2,3790.5,0.0,7581.0,Web,Credit Card,2026-02-15 07:58:00,กรุงเทพมหานคร,Smartphone
417,ORD000476,2026-02-10 18:54:00,C0006,P018,1,4189.5,0.0,4189.5,Mobile App,PromptPay,2026-02-10 21:18:00,ระยอง,Smartphone
418,ORD000477,2026-02-28 08:44:00,C0092,P031,3,1341.0,0.0,4023.0,Marketplace,Credit Card,2026-02-28 11:14:00,กรุงเทพมหานคร,Smart Home
419,ORD000478,2026-02-18 15:30:00,C0097,P038,4,12900.0,0.0,51600.0,Web,Credit Card,2026-02-18 15:59:00,เชียงใหม่,Smartphone
420,ORD000479,2026-02-22 17:01:00,C0013,P009,1,269.1,0.0,269.1,Mobile App,Credit Card,2026-02-22 17:26:00,เชียงใหม่,Notebook
421,ORD000480,2026-02-16 08:07:00,C0029,P018,1,3790.5,0.0,3790.5,Mobile App,Credit Card,2026-02-16 09:11:00,ขอนแก่น,Smartphone
422,ORD000481,2026-02-25 14:58:00,C0052,P034,1,299.0,0.0,299.0,Web,PromptPay,2026-02-25 17:06:00,ระยอง,Accessory
423,ORD000482,2026-02-28 09:31:00,C0036,P038,1,13545.0,0.0,13545.0,Web,Credit Card,2026-02-28 10:00:00,กรุงเทพมหานคร,Smartphone
424,ORD000483,2026-02-04 18:05:00,C0010,P037,2,25900.0,0.0,51800.0,Marketplace,PromptPay,2026-02-04 19:05:00,ชลบุรี,Smart Home
425,ORD000484,2026-02-01 01:38:00,C0048,P016,1,1564.5,0.0,1564.5,Marketplace,Bank Transfer,2026-02-01 02:25:00,กรุงเทพมหานคร,Accessory
426,ORD000485,2026-02-23 04:34:00,C0095,P017,4,891.0,0.0,3564.0,Web,PromptPay,2026-02-23 05:43:00,ระยอง,Smartphone
427,ORD000487,2026-02-03 22:11:00,C0092,P010,1,990.0,0.0,990.0,Mobile App,PromptPay,2026-02-03 23:18:00,กรุงเทพมหานคร,Smart Home
428,ORD000489,2026-02-21 22:56:00,C0103,P010,1,990.0,0.0,990.0,Web,PromptPay,2026-02-21 23:12:00,ขอนแก่น,Smart Home
429,ORD000490,2026-02-05 06:12:00,C0067,P028,1,299.0,0.0,299.0,Web,PromptPay,2026-02-05 09:10:00,ชลบุรี,Smartphone
430,ORD000492,2026-02-18 23:25:00,C0105,P014,1,990.0,0.0,990.0,Marketplace,PromptPay,2026-02-19 01:29:00,ภูเก็ต,Notebook
431,ORD000493,2026-02-24 06:43:00,C0140,P022,4,499.0,0.0,1996.0,Web,Bank Transfer,2026-02-24 08:59:00,ภูเก็ต,Accessory
432,ORD000494,2026-02-21 18:46:00,C0091,P025,1,24605.0,0.0,24605.0,Marketplace,Bank Transfer,2026-02-21 20:31:00,ชลบุรี,Accessory
433,ORD000495,2026-02-01 10:05:00,C0016,P016,2,1490.0,0.05,2831.0,Web,Bank Transfer,2026-02-01 12:28:00,ชลบุรี,Accessory
434,ORD000496,2026-02-08 04:50:00,C0007,P022,4,499.0,0.1,1796.4,Web,Credit Card,2026-02-08 06:57:00,กรุงเทพมหานคร,Accessory
435,ORD000498,2026-02-06 11:28:00,C0047,P003,2,24605.0,0.0,49210.0,Marketplace,Credit Card,2026-02-06 12:55:00,ระยอง,Smartphone
436,ORD000499,2026-02-07 15:12:00,C0157,P024,1,269.1,0.0,269.1,Mobile App,Credit Card,2026-02-07 18:08:00,ระยอง,Accessory
437,ORD000501,2026-02-27 02:25:00,C0024,P001,1,284.05,0.0,284.05,Marketplace,Credit Card,2026-02-27 03:05:00,กรุงเทพมหานคร,Notebook
438,ORD000502,2026-02-19 12:08:00,C0013,P040,1,3591.0,0.1,3231.9,Mobile App,PromptPay,2026-02-19 13:32:00,เชียงใหม่,Accessory
439,ORD000503,2026-02-10 11:55:00,C0022,P030,4,474.05,0.0,1896.2,Mobile App,Credit Card,2026-02-10 13:59:00,กรุงเทพมหานคร,Smartphone
440,ORD000504,2026-02-18 05:44:00,C0091,P005,2,313.95,0.0,627.9,Mobile App,Bank Transfer,2026-02-18 08:14:00,ชลบุรี,Smartphone
441,ORD000505,2026-02-02 01:42:00,C0148,P031,1,1341.0,0.0,1341.0,Web,PromptPay,2026-02-02 04:01:00,เชียงใหม่,Smart Home
442,ORD000506,2026-02-19 13:26:00,C0153,P007,2,27195.0,0.0,54390.0,Mobile App,PromptPay,2026-02-19 15:34:00,ขอนแก่น,Notebook
443,ORD000507,2026-02-24 12:52:00,C0126,P011,1,25900.0,0.0,25900.0,Web,PromptPay,2026-02-24 12:54:00,เชียงใหม่,Accessory
444,ORD000508,2026-02-20 22:36:00,C0129,P009,3,299.0,0.0,897.0,Mobile App,Bank Transfer,2026-02-21 01:11:00,กรุงเทพมหานคร,Notebook
445,ORD000510,2026-02-10 22:52:00,C0153,P010,4,1039.5,0.0,4158.0,Web,PromptPay,2026-02-10 23:17:00,ขอนแก่น,Smart Home
446,ORD000511,2026-02-24 16:52:00,C0106,P031,1,1490.0,0.1,1341.0,Web,Bank Transfer,2026-02-24 17:18:00,ภูเก็ต,Smart Home
447,ORD000512,2026-02-10 17:11:00,C0036,P017,4,1039.5,0.05,3950.1,Mobile App,Credit Card,2026-02-10 18:03:00,กรุงเทพมหานคร,Smartphone
448,ORD000513,2026-02-25 01:56:00,C0012,P022,1,474.05,0.0,474.05,Web,Bank Transfer,2026-02-25 02:57:00,ขอนแก่น,Accessory
449,ORD000514,2026-02-03 09:09:00,C0028,P023,3,313.95,0.05,894.7574999999998,Web,Credit Card,2026-02-03 10:51:00,ขอนแก่น,Accessory
450,ORD000515,2026-02-02 13:51:00,C0030,P012,3,990.0,0.1,2673.0,Web,Bank Transfer,2026-02-02 16:29:00,ชลบุรี,Accessory
451,ORD000516,2026-02-11 03:07:00,C0047,P002,2,1341.0,0.1,2413.8,Mobile App,PromptPay,2026-02-11 04:55:00,ระยอง,Smartphone
452,ORD000517,2026-02-01 04:57:00,C0029,P003,3,25900.0,0.0,77700.0,Marketplace,PromptPay,2026-02-01 07:07:00,ขอนแก่น,Smartphone
453,ORD000518,2026-02-05 13:30:00,C0110,P015,1,299.0,0.0,299.0,Marketplace,Credit Card,2026-02-05 14:49:00,เชียงใหม่,Notebook
454,ORD000519,2026-02-26 04:26:00,C0012,P033,1,12900.0,0.0,12900.0,Mobile App,Bank Transfer,2026-02-26 06:37:00,ขอนแก่น,Smart Home
455,ORD000520,2026-02-06 15:46:00,C0114,P037,1,23310.0,0.1,20979.0,Marketplace,Bank Transfer,2026-02-06 18:04:00,เชียงใหม่,Smart Home
456,ORD000521,2026-02-08 11:24:00,C0020,P017,1,990.0,0.0,990.0,Marketplace,PromptPay,2026-02-08 11:39:00,ขอนแก่น,Smartphone
457,ORD000522,2026-02-03 16:16:00,C0159,P002,2,1490.0,0.1,2682.0,Mobile App,Bank Transfer,2026-02-03 18:43:00,ภูเก็ต,Smartphone
458,ORD000523,2026-02-13 06:28:00,C0077,P032,2,25900.0,0.05,49210.0,Marketplace,Bank Transfer,2026-02-13 07:08:00,เชียงใหม่,Notebook
459,ORD000524,2026-02-21 20:40:00,C0140,P011,1,25900.0,0.05,24605.0,Mobile App,PromptPay,2026-02-21 21:30:00,ภูเก็ต,Accessory
460,ORD000525,2026-02-06 05:17:00,C0124,P040,1,3990.0,0.0,3990.0,Marketplace,Credit Card,2026-02-06 07:54:00,กรุงเทพมหานคร,Accessory
461,ORD000526,2026-02-23 05:53:00,C0140,P007,1,25900.0,0.0,25900.0,Web,Bank Transfer,2026-02-23 07:06:00,ภูเก็ต,Notebook
462,ORD000528,2026-02-12 17:29:00,C0118,P030,2,499.0,0.05,948.0999999999999,Marketplace,Credit Card,2026-02-12 17:43:00,ระยอง,Smartphone
463,ORD000529,2026-02-18 00:14:00,C0071,P039,2,1039.5,0.05,1975.05,Web,Bank Transfer,2026-02-18 03:14:00,ชลบุรี,Notebook
464,ORD000530,2026-02-06 08:19:00,C0023,P036,1,299.0,0.0,299.0,Marketplace,PromptPay,2026-02-06 09:06:00,กรุงเทพมหานคร,Notebook
465,ORD000531,2026-02-28 13:46:00,C0009,P035,1,25900.0,0.1,23310.0,Marketplace,Bank Transfer,2026-02-28 15:31:00,ภูเก็ต,Accessory
466,ORD000533,2026-02-25 22:30:00,C0117,P035,2,25900.0,0.1,46620.0,Mobile App,Bank Transfer,2026-02-26 00:07:00,ชลบุรี,Accessory
467,ORD000534,2026-02-17 15:31:00,C0134,P015,1,313.95,0.0,313.95,Marketplace,Bank Transfer,2026-02-17 16:22:00,ภูเก็ต,Notebook
468,ORD000535,2026-02-05 23:37:00,C0068,P018,1,3790.5,0.1,3411.4500000000003,Mobile App,Credit Card,2026-02-06 02:27:00,ขอนแก่น,Smartphone
469,ORD000536,2026-02-03 06:33:00,C0015,P013,2,499.0,0.0,998.0,Mobile App,Credit Card,2026-02-03 07:43:00,ภูเก็ต,Smart Home
470,ORD000537,2026-02-16 23:58:00,C0073,P031,1,1490.0,0.05,1415.5,Web,Credit Card,2026-02-17 01:55:00,ขอนแก่น,Smart Home
471,ORD000538,2026-02-20 19:01:00,C0133,P015,3,269.1,0.1,726.57,Mobile App,Bank Transfer,2026-02-20 20:34:00,ภูเก็ต,Notebook
472,ORD000539,2026-02-23 19:29:00,C0003,P001,1,284.05,0.0,284.05,Marketplace,Bank Transfer,2026-02-23 20:24:00,ขอนแก่น,Notebook
473,ORD000540,2026-02-14 08:20:00,C0017,P029,1,3790.5,0.1,3411.4500000000003,Marketplace,Bank Transfer,2026-02-14 08:44:00,กรุงเทพมหานคร,Notebook
474,ORD000541,2026-02-10 16:41:00,C0094,P030,1,499.0,0.0,499.0,Web,PromptPay,2026-02-10 17:08:00,ขอนแก่น,Smartphone
475,ORD000542,2026-02-15 18:56:00,C0030,P021,1,27195.0,0.1,24475.5,Marketplace,Bank Transfer,2026-02-15 21:18:00,ชลบุรี,Smart Home
476,ORD000543,2026-02-23 13:02:00,C0108,P022,4,449.1,0.0,1796.4,Web,PromptPay,2026-02-23 15:46:00,เชียงใหม่,Accessory
477,ORD000544,2026-02-21 01:50:00,C0125,P022,1,499.0,0.0,499.0,Mobile App,Bank Transfer,2026-02-21 01:59:00,เชียงใหม่,Accessory
478,ORD000545,2026-02-15 21:06:00,C0148,P010,2,990.0,0.0,1980.0,Marketplace,Bank Transfer,2026-02-15 23:59:00,เชียงใหม่,Smart Home
479,ORD000546,2026-02-13 10:01:00,C0004,P016,1,1415.5,0.0,1415.5,Marketplace,Credit Card,2026-02-13 12:28:00,กรุงเทพมหานคร,Accessory
480,ORD000547,2026-02-08 07:16:00,C0008,P039,1,940.5,0.0,940.5,Web,PromptPay,2026-02-08 09:07:00,ขอนแก่น,Notebook
481,ORD000548,2026-02-25 01:20:00,C0121,P007,1,24605.0,0.0,24605.0,Mobile App,Credit Card,2026-02-25 02:01:00,กรุงเทพมหานคร,Notebook
482,ORD000551,2026-02-10 16:42:00,C0105,P005,2,313.95,0.1,565.11,Marketplace,Credit Card,2026-02-10 17:37:00,ภูเก็ต,Smartphone
483,ORD000552,2026-02-06 04:25:00,C0066,P004,1,1490.0,0.1,1341.0,Web,Credit Card,2026-02-06 04:31:00,ระยอง,Smart Home
484,ORD000554,2026-02-19 09:59:00,C0028,P010,1,891.0,0.1,801.9,Marketplace,PromptPay,2026-02-19 12:46:00,ขอนแก่น,Smart Home
485,ORD000555,2026-02-05 00:05:00,C0085,P007,4,25900.0,0.05,98420.0,Marketplace,PromptPay,2026-02-05 00:49:00,กรุงเทพมหานคร,Notebook
486,ORD000556,2026-02-07 07:32:00,C0004,P032,2,23310.0,0.0,46620.0,Marketplace,PromptPay,2026-02-07 09:10:00,กรุงเทพมหานคร,Notebook
487,ORD000557,2026-02-06 22:59:00,C0065,P025,4,27195.0,0.05,103341.0,Marketplace,Credit Card,2026-02-07 01:48:00,ขอนแก่น,Accessory
488,ORD000558,2026-02-17 17:23:00,C0052,P034,2,313.95,0.1,565.11,Marketplace,Credit Card,2026-02-17 18:58:00,ระยอง,Accessory
489,ORD000559,2026-02-26 16:49:00,C0123,P028,1,269.1,0.0,269.1,Marketplace,PromptPay,2026-02-26 19:06:00,ระยอง,Smartphone
490,ORD000560,2026-02-22 20:33:00,C0151,P005,4,284.05,0.0,1136.2,Mobile App,PromptPay,2026-02-22 22:23:00,ชลบุรี,Smartphone
491,ORD000561,2026-02-19 10:31:00,C0005,P014,1,940.5,0.1,846.45,Mobile App,PromptPay,2026-02-19 11:12:00,ระยอง,Notebook
492,ORD000562,2026-02-28 19:55:00,C0074,P019,1,4189.5,0.1,3770.55,Marketplace,Credit Card,2026-02-28 19:58:00,ขอนแก่น,Smartphone
493,ORD000563,2026-02-08 03:06:00,C0125,P037,4,23310.0,0.0,93240.0,Marketplace,PromptPay,2026-02-08 06:03:00,เชียงใหม่,Smart Home
494,ORD000564,2026-02-18 21:40:00,C0147,P023,4,299.0,0.0,1196.0,Mobile App,Bank Transfer,2026-02-18 22:15:00,ชลบุรี,Accessory
495,ORD000565,2026-02-03 17:43:00,C0132,P029,1,3990.0,0.0,3990.0,Web,Credit Card,2026-02-03 18:29:00,ชลบุรี,Notebook
496,ORD000566,2026-02-04 22:02:00,C0154,P020,3,523.95,0.0,1571.8500000000001,Marketplace,Bank Transfer,2026-02-05 00:53:00,เชียงใหม่,Smart Home
497,ORD000567,2026-02-09 01:16:00,C0059,P017,3,990.0,0.05,2821.5,Mobile App,Credit Card,2026-02-09 03:19:00,ระยอง,Smartphone
498,ORD000568,2026-02-08 23:09:00,C0108,P008,2,474.05,0.1,853.2900000000001,Web,Credit Card,2026-02-09 01:35:00,เชียงใหม่,Accessory
499,ORD000569,2026-02-19 22:57:00,C0113,P010,2,891.0,0.05,1692.8999999999999,Marketplace,Bank Transfer,2026-02-19 23:27:00,ระยอง,Smart Home
500,ORD000570,2026-02-01 02:53:00,C0030,P014,1,1039.5,0.0,1039.5,Marketplace,PromptPay,2026-02-01 04:22:00,ชลบุรี,Notebook
501,ORD000571,2026-02-10 19:27:00,C0040,P005,1,299.0,0.0,299.0,Mobile App,Bank Transfer,2026-02-10 21:38:00,กรุงเทพมหานคร,Smartphone
502,ORD000574,2026-02-03 11:10:00,C0010,P022,3,499.0,0.0,1497.0,Mobile App,Bank Transfer,2026-02-03 11:32:00,ชลบุรี,Accessory
503,ORD000575,2026-02-22 06:29:00,C0154,P015,3,284.05,0.0,852.1500000000001,Marketplace,Bank Transfer,2026-02-22 07:41:00,เชียงใหม่,Notebook
504,ORD000576,2026-02-27 01:43:00,C0014,P003,2,27195.0,0.0,54390.0,Mobile App,PromptPay,2026-02-27 02:04:00,ขอนแก่น,Smartphone
505,ORD000577,2026-02-28 21:05:00,C0030,P020,1,449.1,0.0,449.1,Mobile App,Bank Transfer,2026-02-28 22:47:00,ชลบุรี,Smart Home
506,ORD000578,2026-02-09 03:11:00,C0039,P003,4,23310.0,0.05,88578.0,Marketplace,PromptPay,2026-02-09 05:17:00,กรุงเทพมหานคร,Smartphone
507,ORD000579,2026-02-08 06:46:00,C0086,P001,2,269.1,0.0,538.2,Mobile App,Credit Card,2026-02-08 08:16:00,กรุงเทพมหานคร,Notebook
508,ORD000580,2026-02-26 23:03:00,C0110,P033,2,11610.0,0.0,23220.0,Web,Bank Transfer,2026-02-26 23:54:00,เชียงใหม่,Smart Home
509,ORD000581,2026-02-19 23:30:00,C0036,P017,2,990.0,0.05,1881.0,Marketplace,Credit Card,2026-02-20 00:05:00,กรุงเทพมหานคร,Smartphone
510,ORD000582,2026-02-06 04:51:00,C0134,P016,2,1415.5,0.0,2831.0,Mobile App,PromptPay,2026-02-06 07:43:00,ภูเก็ต,Accessory
511,ORD000583,2026-02-19 14:04:00,C0025,P032,2,27195.0,0.0,54390.0,Web,PromptPay,2026-02-19 14:16:00,ชลบุรี,Notebook
512,ORD000584,2026-02-18 20:32:00,C0039,P027,3,25900.0,0.1,69930.0,Marketplace,PromptPay,2026-02-18 21:27:00,กรุงเทพมหานคร,Smartphone
513,ORD000585,2026-02-23 05:34:00,C0028,P028,2,299.0,0.1,538.2,Web,Bank Transfer,2026-02-23 06:15:00,ขอนแก่น,Smartphone
514,ORD000586,2026-02-25 15:32:00,C0133,P017,4,891.0,0.0,3564.0,Mobile App,PromptPay,2026-02-25 15:50:00,ภูเก็ต,Smartphone
515,ORD000587,2026-02-27 14:35:00,C0153,P015,1,299.0,0.1,269.1,Mobile App,Credit Card,2026-02-27 15:37:00,ขอนแก่น,Notebook
516,ORD000588,2026-02-10 23:33:00,C0038,P032,1,23310.0,0.0,23310.0,Mobile App,PromptPay,2026-02-11 01:52:00,ชลบุรี,Notebook
517,ORD000589,2026-02-28 02:47:00,C0031,P038,1,12255.0,0.0,12255.0,Mobile App,Credit Card,2026-02-28 03:15:00,กรุงเทพมหานคร,Smartphone
518,ORD000590,2026-02-27 17:19:00,C0139,P021,1,23310.0,0.0,23310.0,Marketplace,Bank Transfer,2026-02-27 17:53:00,ระยอง,Smart Home
519,ORD000591,2026-02-14 09:53:00,C0039,P017,1,990.0,0.0,990.0,Marketplace,PromptPay,2026-02-14 11:09:00,กรุงเทพมหานคร,Smartphone
520,ORD000592,2026-02-14 17:35:00,C0094,P011,2,27195.0,0.0,54390.0,Marketplace,Bank Transfer,2026-02-14 17:48:00,ขอนแก่น,Accessory
521,ORD000593,2026-02-13 02:48:00,C0110,P009,2,299.0,0.0,598.0,Web,Credit Card,2026-02-13 05:11:00,เชียงใหม่,Notebook
522,ORD000594,2026-02-10 13:19:00,C0101,P005,1,299.0,0.0,299.0,Marketplace,PromptPay,2026-02-10 13:28:00,ภูเก็ต,Smartphone
523,ORD000596,2026-02-12 21:25:00,C0025,P013,2,474.05,0.05,900.6949999999999,Web,PromptPay,2026-02-13 00:02:00,ชลบุรี,Smart Home
524,ORD000597,2026-02-02 14:46:00,C0091,P022,1,499.0,0.05,474.04999999999995,Marketplace,Credit Card,2026-02-02 16:50:00,ชลบุรี,Accessory
525,ORD000598,2026-02-13 05:42:00,C0082,P038,1,13545.0,0.0,13545.0,Marketplace,Bank Transfer,2026-02-13 07:41:00,กรุงเทพมหานคร,Smartphone
526,ORD000600,2026-02-22 18:07:00,C0096,P014,2,990.0,0.05,1881.0,Web,Credit Card,2026-02-22 19:47:00,กรุงเทพมหานคร,Notebook
527,ORD000601,2026-02-03 10:36:00,C0149,P037,2,24605.0,0.0,49210.0,Mobile App,Credit Card,2026-02-03 12:47:00,ขอนแก่น,Smart Home
528,ORD000602,2026-02-10 17:55:00,C0124,P025,1,24605.0,0.0,24605.0,Mobile App,Credit Card,2026-02-10 19:16:00,กรุงเทพมหานคร,Accessory
529,ORD000603,2026-02-23 09:04:00,C0048,P027,1,27195.0,0.0,27195.0,Web,PromptPay,2026-02-23 09:59:00,กรุงเทพมหานคร,Smartphone
530,ORD000604,2026-02-20 19:17:00,C0137,P025,2,25900.0,0.1,46620.0,Web,Credit Card,2026-02-20 21:46:00,ภูเก็ต,Accessory
531,ORD000605,2026-02-09 09:07:00,C0095,P001,2,269.1,0.05,511.29,Mobile App,PromptPay,2026-02-09 10:44:00,ระยอง,Notebook
532,ORD000606,2026-02-24 08:24:00,C0132,P039,2,891.0,0.05,1692.8999999999999,Marketplace,Credit Card,2026-02-24 11:10:00,ชลบุรี,Notebook
533,ORD000608,2026-02-21 21:51:00,C0082,P035,2,27195.0,0.1,48951.0,Marketplace,PromptPay,2026-02-22 00:51:00,กรุงเทพมหานคร,Accessory
534,ORD000609,2026-02-09 00:21:00,C0122,P014,4,1039.5,0.0,4158.0,Web,PromptPay,2026-02-09 02:10:00,ขอนแก่น,Notebook
535,ORD000610,2026-02-17 22:24:00,C0141,P006,1,299.0,0.05,284.05,Mobile App,PromptPay,2026-02-17 23:24:00,กรุงเทพมหานคร,Accessory
536,ORD000611,2026-02-11 09:32:00,C0063,P035,1,25900.0,0.0,25900.0,Mobile App,Bank Transfer,2026-02-11 10:58:00,ระยอง,Accessory
537,ORD000612,2026-02-14 05:20:00,C0139,P002,1,1341.0,0.0,1341.0,Marketplace,Bank Transfer,2026-02-14 06:02:00,ระยอง,Smartphone
538,ORD000613,2026-02-21 20:52:00,C0082,P013,3,449.1,0.0,1347.3000000000002,Marketplace,Credit Card,2026-02-21 21:50:00,กรุงเทพมหานคร,Smart Home
539,ORD000615,2026-02-27 07:01:00,C0136,P003,4,24605.0,0.05,93499.0,Mobile App,Credit Card,2026-02-27 08:15:00,ระยอง,Smartphone
540,ORD000616,2026-02-01 10:24:00,C0144,P040,2,3990.0,0.0,7980.0,Marketplace,Credit Card,2026-02-01 10:58:00,ภูเก็ต,Accessory
541,ORD000617,2026-02-25 15:46:00,C0008,P017,2,891.0,0.1,1603.8,Marketplace,PromptPay,2026-02-25 17:01:00,ขอนแก่น,Smartphone
542,ORD000618,2026-02-24 20:02:00,C0100,P004,1,1415.5,0.0,1415.5,Marketplace,Bank Transfer,2026-02-24 22:35:00,กรุงเทพมหานคร,Smart Home
543,ORD000619,2026-02-09 12:09:00,C0126,P012,1,990.0,0.1,891.0,Marketplace,Bank Transfer,2026-02-09 14:23:00,เชียงใหม่,Accessory
544,ORD000620,2026-02-27 03:47:00,C0020,P003,2,27195.0,0.0,54390.0,Marketplace,PromptPay,2026-02-27 04:26:00,ขอนแก่น,Smartphone
545,ORD000622,2026-02-26 00:13:00,C0100,P001,3,299.0,0.0,897.0,Web,PromptPay,2026-02-26 03:04:00,กรุงเทพมหานคร,Notebook
546,ORD000623,2026-02-14 06:18:00,C0151,P017,1,940.5,0.0,940.5,Web,Bank Transfer,2026-02-14 09:10:00,ชลบุรี,Smartphone
547,ORD000624,2026-02-11 05:25:00,C0120,P038,1,11610.0,0.0,11610.0,Web,PromptPay,2026-02-11 05:37:00,ขอนแก่น,Smartphone
548,ORD000625,2026-02-10 10:36:00,C0065,P026,2,11610.0,0.05,22059.0,Web,PromptPay,2026-02-10 11:20:00,ขอนแก่น,Smart Home
549,ORD000626,2026-02-17 05:04:00,C0047,P010,3,1039.5,0.05,2962.575,Mobile App,Credit Card,2026-02-17 06:19:00,ระยอง,Smart Home
550,ORD000627,2026-02-15 14:31:00,C0068,P013,1,474.05,0.1,426.64500000000004,Marketplace,Bank Transfer,2026-02-15 15:42:00,ขอนแก่น,Smart Home
551,ORD000628,2026-02-13 21:25:00,C0137,P010,3,990.0,0.0,2970.0,Mobile App,Credit Card,2026-02-13 22:24:00,ภูเก็ต,Smart Home
552,ORD000629,2026-02-10 18:31:00,C0086,P036,2,284.05,0.0,568.1,Mobile App,Bank Transfer,2026-02-10 20:55:00,กรุงเทพมหานคร,Notebook
553,ORD000630,2026-02-06 04:23:00,C0040,P022,3,499.0,0.0,1497.0,Mobile App,Credit Card,2026-02-06 04:47:00,กรุงเทพมหานคร,Accessory
554,ORD000632,2026-02-21 11:31:00,C0014,P004,4,1564.5,0.05,5945.099999999999,Marketplace,Credit Card,2026-02-21 14:12:00,ขอนแก่น,Smart Home
555,ORD000633,2026-02-05 21:07:00,C0130,P014,1,940.5,0.0,940.5,Web,PromptPay,2026-02-05 21:19:00,ภูเก็ต,Notebook
556,ORD000634,2026-02-12 10:16:00,C0023,P025,3,25900.0,0.05,73815.0,Marketplace,PromptPay,2026-02-12 11:16:00,กรุงเทพมหานคร,Accessory
557,ORD000635,2026-02-21 15:49:00,C0028,P006,3,313.95,0.0,941.8499999999999,Marketplace,Bank Transfer,2026-02-21 17:58:00,ขอนแก่น,Accessory
558,ORD000636,2026-02-21 07:26:00,C0071,P013,1,499.0,0.1,449.1,Web,Bank Transfer,2026-02-21 10:21:00,ชลบุรี,Smart Home
559,ORD000637,2026-02-04 08:39:00,C0041,P015,1,299.0,0.0,299.0,Marketplace,Bank Transfer,2026-02-04 09:15:00,ระยอง,Notebook
560,ORD000638,2026-02-03 23:38:00,C0012,P012,4,990.0,0.0,3960.0,Mobile App,PromptPay,2026-02-04 01:43:00,ขอนแก่น,Accessory
561,ORD000639,2026-02-02 17:17:00,C0017,P007,4,27195.0,0.0,108780.0,Web,Credit Card,2026-02-02 17:30:00,กรุงเทพมหานคร,Notebook
562,ORD000640,2026-02-28 14:41:00,C0027,P002,2,1490.0,0.1,2682.0,Web,PromptPay,2026-02-28 17:35:00,กรุงเทพมหานคร,Smartphone
563,ORD000641,2026-02-16 20:20:00,C0086,P023,3,269.1,0.0,807.3000000000001,Marketplace,PromptPay,2026-02-16 21:16:00,กรุงเทพมหานคร,Accessory
564,ORD000642,2026-02-12 09:47:00,C0047,P001,1,269.1,0.05,255.645,Mobile App,Credit Card,2026-02-12 10:21:00,ระยอง,Notebook
565,ORD000643,2026-02-16 00:40:00,C0087,P026,1,12255.0,0.0,12255.0,Marketplace,Credit Card,2026-02-16 00:44:00,กรุงเทพมหานคร,Smart Home
566,ORD000644,2026-02-06 08:04:00,C0112,P014,2,990.0,0.1,1782.0,Web,Credit Card,2026-02-06 10:59:00,กรุงเทพมหานคร,Notebook
567,ORD000645,2026-02-27 00:09:00,C0017,P029,2,3990.0,0.05,7581.0,Web,Bank Transfer,2026-02-27 02:28:00,กรุงเทพมหานคร,Notebook
568,ORD000646,2026-02-08 12:53:00,C0136,P001,1,269.1,0.0,269.1,Mobile App,Bank Transfer,2026-02-08 13:48:00,ระยอง,Notebook
569,ORD000647,2026-02-26 20:49:00,C0071,P024,2,313.95,0.05,596.505,Marketplace,PromptPay,2026-02-26 23:26:00,ชลบุรี,Accessory
570,ORD000648,2026-02-19 14:29:00,C0078,P012,2,990.0,0.0,1980.0,Mobile App,Bank Transfer,2026-02-19 16:30:00,ระยอง,Accessory
571,ORD000649,2026-02-10 11:21:00,C0090,P001,2,269.1,0.1,484.38000000000005,Web,Credit Card,2026-02-10 12:17:00,เชียงใหม่,Notebook
572,ORD000650,2026-02-17 19:43:00,C0080,P003,2,25900.0,0.0,51800.0,Mobile App,Bank Transfer,2026-02-17 21:07:00,ขอนแก่น,Smartphone
573,ORD000651,2026-02-06 13:24:00,C0104,P039,1,940.5,0.1,846.45,Web,PromptPay,2026-02-06 13:31:00,ระยอง,Notebook
574,ORD000652,2026-02-11 02:58:00,C0034,P008,2,499.0,0.0,998.0,Web,Credit Card,2026-02-11 03:34:00,ภูเก็ต,Accessory
575,ORD000653,2026-02-18 19:13:00,C0120,P003,3,27195.0,0.0,81585.0,Marketplace,Credit Card,2026-02-18 21:12:00,ขอนแก่น,Smartphone
576,ORD000655,2026-02-14 06:50:00,C0085,P037,1,25900.0,0.0,25900.0,Web,Bank Transfer,2026-02-14 08:20:00,กรุงเทพมหานคร,Smart Home
577,ORD000656,2026-02-26 21:00:00,C0007,P011,4,24605.0,0.0,98420.0,Web,Bank Transfer,2026-02-26 23:17:00,กรุงเทพมหานคร,Accessory
578,ORD000657,2026-02-02 21:06:00,C0064,P033,4,12900.0,0.0,51600.0,Mobile App,PromptPay,2026-02-02 23:18:00,ขอนแก่น,Smart Home
579,ORD000658,2026-02-18 19:31:00,C0154,P008,3,499.0,0.0,1497.0,Web,Bank Transfer,2026-02-18 19:32:00,เชียงใหม่,Accessory
580,ORD000660,2026-02-01 21:46:00,C0081,P012,2,891.0,0.0,1782.0,Marketplace,PromptPay,2026-02-01 22:31:00,ขอนแก่น,Accessory
581,ORD000662,2026-02-18 23:53:00,C0001,P031,2,1415.5,0.1,2547.9,Marketplace,Bank Transfer,2026-02-19 00:05:00,ชลบุรี,Smart Home
582,ORD000663,2026-02-03 04:45:00,C0098,P020,1,449.1,0.05,426.645,Mobile App,PromptPay,2026-02-03 07:18:00,เชียงใหม่,Smart Home
583,ORD000664,2026-02-21 00:03:00,C0054,P029,1,4189.5,0.1,3770.55,Marketplace,Bank Transfer,2026-02-21 01:11:00,กรุงเทพมหานคร,Notebook
584,ORD000665,2026-02-14 14:26:00,C0072,P013,4,474.05,0.1,1706.5800000000002,Mobile App,Bank Transfer,2026-02-14 15:08:00,เชียงใหม่,Smart Home
585,ORD000666,2026-02-10 02:24:00,C0011,P016,1,1564.5,0.0,1564.5,Marketplace,Bank Transfer,2026-02-10 04:56:00,ชลบุรี,Accessory
586,ORD000668,2026-02-07 19:17:00,C0056,P030,1,499.0,0.0,499.0,Mobile App,Bank Transfer,2026-02-07 19:23:00,เชียงใหม่,Smartphone
587,ORD000669,2026-02-27 16:22:00,C0071,P018,1,3591.0,0.0,3591.0,Marketplace,PromptPay,2026-02-27 17:20:00,ชลบุรี,Smartphone
588,ORD000670,2026-02-21 19:23:00,C0024,P032,1,24605.0,0.0,24605.0,Mobile App,Credit Card,2026-02-21 21:38:00,กรุงเทพมหานคร,Notebook
589,ORD000671,2026-02-17 10:22:00,C0002,P019,2,3990.0,0.1,7182.0,Marketplace,Bank Transfer,2026-02-17 13:19:00,ชลบุรี,Smartphone
590,ORD000672,2026-02-13 21:25:00,C0092,P001,1,269.1,0.1,242.19000000000003,Marketplace,PromptPay,2026-02-14 00:09:00,กรุงเทพมหานคร,Notebook
591,ORD000673,2026-02-25 00:45:00,C0041,P029,1,3990.0,0.0,3990.0,Mobile App,PromptPay,2026-02-25 02:48:00,ระยอง,Notebook
592,ORD000674,2026-02-09 10:08:00,C0057,P013,3,449.1,0.05,1279.9350000000002,Marketplace,Credit Card,2026-02-09 12:19:00,เชียงใหม่,Smart Home
593,ORD000675,2026-02-09 12:58:00,C0116,P025,1,25900.0,0.05,24605.0,Web,Bank Transfer,2026-02-09 13:57:00,ระยอง,Accessory
594,ORD000676,2026-02-15 08:26:00,C0137,P028,2,284.05,0.0,568.1,Marketplace,Bank Transfer,2026-02-15 08:44:00,ภูเก็ต,Smartphone
595,ORD000677,2026-02-22 18:44:00,C0002,P018,2,3790.5,0.0,7581.0,Marketplace,Bank Transfer,2026-02-22 18:47:00,ชลบุรี,Smartphone
596,ORD000678,2026-02-13 15:53:00,C0098,P022,1,499.0,0.0,499.0,Marketplace,Credit Card,2026-02-13 18:51:00,เชียงใหม่,Accessory
597,ORD000679,2026-02-02 07:10:00,C0140,P036,2,269.1,0.0,538.2,Marketplace,PromptPay,2026-02-02 07:29:00,ภูเก็ต,Notebook
598,ORD000680,2026-02-24 19:32:00,C0096,P003,1,25900.0,0.0,25900.0,Marketplace,PromptPay,2026-02-24 21:25:00,กรุงเทพมหานคร,Smartphone
599,ORD000682,2026-02-09 05:17:00,C0021,P020,4,474.05,0.05,1801.3899999999999,Web,Credit Card,2026-02-09 07:25:00,เชียงใหม่,Smart Home
600,ORD000683,2026-02-13 15:47:00,C0101,P004,1,1490.0,0.0,1490.0,Marketplace,Credit Card,2026-02-13 17:36:00,ภูเก็ต,Smart Home
601,ORD000684,2026-02-02 09:17:00,C0106,P002,1,1490.0,0.0,1490.0,Web,Bank Transfer,2026-02-02 11:30:00,ภูเก็ต,Smartphone
602,ORD000685,2026-02-13 10:36:00,C0092,P010,1,940.5,0.0,940.5,Mobile App,PromptPay,2026-02-13 13:32:00,กรุงเทพมหานคร,Smart Home
603,ORD000686,2026-02-20 03:36:00,C0121,P026,4,12900.0,0.0,51600.0,Marketplace,PromptPay,2026-02-20 04:25:00,กรุงเทพมหานคร,Smart Home
604,ORD000687,2026-02-05 06:30:00,C0001,P026,1,13545.0,0.0,13545.0,Web,Credit Card,2026-02-05 06:53:00,ชลบุรี,Smart Home
605,ORD000688,2026-02-08 15:59:00,C0131,P016,1,1490.0,0.1,1341.0,Marketplace,Credit Card,2026-02-08 16:25:00,ระยอง,Accessory
606,ORD000689,2026-02-02 18:44:00,C0104,P022,4,449.1,0.0,1796.4,Web,Credit Card,2026-02-02 19:22:00,ระยอง,Accessory
607,ORD000690,2026-02-21 07:13:00,C0093,P035,2,24605.0,0.0,49210.0,Mobile App,Bank Transfer,2026-02-21 09:01:00,ภูเก็ต,Accessory
608,ORD000691,2026-02-14 20:23:00,C0152,P022,1,499.0,0.1,449.1,Web,PromptPay,2026-02-14 21:02:00,ชลบุรี,Accessory
609,ORD000692,2026-02-13 12:15:00,C0124,P008,1,499.0,0.0,499.0,Mobile App,Bank Transfer,2026-02-13 12:59:00,กรุงเทพมหานคร,Accessory
610,ORD000693,2026-02-16 18:58:00,C0071,P024,2,313.95,0.0,627.9,Marketplace,Bank Transfer,2026-02-16 20:43:00,ชลบุรี,Accessory
611,ORD000694,2026-02-19 11:27:00,C0102,P025,3,23310.0,0.0,69930.0,Web,Bank Transfer,2026-02-19 14:01:00,ระยอง,Accessory
612,ORD000695,2026-02-26 01:31:00,C0032,P036,2,284.05,0.0,568.1,Web,PromptPay,2026-02-26 04:05:00,ระยอง,Notebook
613,ORD000696,2026-02-04 06:18:00,C0134,P016,1,1415.5,0.05,1344.725,Mobile App,PromptPay,2026-02-04 07:21:00,ภูเก็ต,Accessory
614,ORD000697,2026-02-25 13:43:00,C0031,P030,4,523.95,0.05,1991.01,Web,Bank Transfer,2026-02-25 15:42:00,กรุงเทพมหานคร,Smartphone
615,ORD000698,2026-02-16 10:04:00,C0089,P024,4,269.1,0.1,968.7600000000001,Web,Credit Card,2026-02-16 11:36:00,ชลบุรี,Accessory
616,ORD000699,2026-02-22 10:52:00,C0086,P012,3,891.0,0.0,2673.0,Mobile App,Credit Card,2026-02-22 11:25:00,กรุงเทพมหานคร,Accessory
617,ORD000702,2026-02-18 09:00:00,C0045,P027,1,23310.0,0.05,22144.5,Mobile App,Bank Transfer,2026-02-18 09:33:00,เชียงใหม่,Smartphone
618,ORD000703,2026-02-23 17:10:00,C0128,P007,2,23310.0,0.0,46620.0,Marketplace,PromptPay,2026-02-23 19:02:00,ขอนแก่น,Notebook
619,ORD000704,2026-02-25 10:21:00,C0056,P029,2,3790.5,0.0,7581.0,Marketplace,PromptPay,2026-02-25 11:15:00,เชียงใหม่,Notebook
620,ORD000706,2026-02-24 16:43:00,C0122,P015,3,313.95,0.1,847.665,Mobile App,Bank Transfer,2026-02-24 17:19:00,ขอนแก่น,Notebook
621,ORD000707,2026-02-08 09:26:00,C0048,P032,1,23310.0,0.1,20979.0,Web,PromptPay,2026-02-08 12:10:00,กรุงเทพมหานคร,Notebook
622,ORD000708,2026-02-02 20:37:00,C0036,P013,4,499.0,0.0,1996.0,Mobile App,PromptPay,2026-02-02 22:51:00,กรุงเทพมหานคร,Smart Home
623,ORD000709,2026-02-18 10:54:00,C0119,P011,4,24605.0,0.1,88578.0,Web,PromptPay,2026-02-18 11:51:00,ขอนแก่น,Accessory
624,ORD000710,2026-02-04 05:58:00,C0032,P013,2,523.95,0.0,1047.9,Web,PromptPay,2026-02-04 07:11:00,ระยอง,Smart Home
625,ORD000711,2026-02-05 05:48:00,C0002,P009,3,313.95,0.0,941.8499999999999,Marketplace,Credit Card,2026-02-05 08:36:00,ชลบุรี,Notebook
626,ORD000712,2026-02-27 12:33:00,C0081,P029,2,3990.0,0.1,7182.0,Marketplace,Bank Transfer,2026-02-27 14:34:00,ขอนแก่น,Notebook
627,ORD000713,2026-02-18 09:46:00,C0035,P030,2,499.0,0.1,898.2,Marketplace,PromptPay,2026-02-18 11:38:00,ชลบุรี,Smartphone
628,ORD000715,2026-02-24 12:52:00,C0150,P023,1,313.95,0.0,313.95,Web,Credit Card,2026-02-24 14:54:00,เชียงใหม่,Accessory
629,ORD000716,2026-02-19 23:59:00,C0050,P001,1,299.0,0.05,284.05,Mobile App,Bank Transfer,2026-02-20 00:10:00,เชียงใหม่,Notebook
630,ORD000717,2026-02-08 11:06:00,C0115,P032,4,25900.0,0.05,98420.0,Marketplace,Bank Transfer,2026-02-08 12:25:00,ระยอง,Notebook
631,ORD000718,2026-02-20 02:41:00,C0011,P012,1,940.5,0.0,940.5,Marketplace,Credit Card,2026-02-20 04:48:00,ชลบุรี,Accessory
632,ORD000719,2026-02-06 13:15:00,C0158,P039,1,940.5,0.0,940.5,Mobile App,Bank Transfer,2026-02-06 15:41:00,เชียงใหม่,Notebook
633,ORD000720,2026-02-23 23:02:00,C0057,P039,4,940.5,0.0,3762.0,Web,Credit Card,2026-02-24 00:28:00,เชียงใหม่,Notebook
634,ORD000721,2026-02-09 12:51:00,C0032,P010,3,990.0,0.0,2970.0,Web,Credit Card,2026-02-09 14:42:00,ระยอง,Smart Home
635,ORD000722,2026-02-04 10:53:00,C0035,P019,1,4189.5,0.0,4189.5,Mobile App,Credit Card,2026-02-04 11:07:00,ชลบุรี,Smartphone
636,ORD000723,2026-02-16 16:06:00,C0112,P006,2,284.05,0.0,568.1,Mobile App,PromptPay,2026-02-16 18:26:00,กรุงเทพมหานคร,Accessory
637,ORD000724,2026-02-12 23:57:00,C0043,P018,1,3990.0,0.0,3990.0,Web,Bank Transfer,2026-02-13 02:17:00,ระยอง,Smartphone
638,ORD000725,2026-02-24 12:26:00,C0078,P020,1,499.0,0.0,499.0,Web,Credit Card,2026-02-24 12:33:00,ระยอง,Smart Home
639,ORD000726,2026-02-15 13:06:00,C0062,P036,1,313.95,0.0,313.95,Mobile App,PromptPay,2026-02-15 14:11:00,ระยอง,Notebook
640,ORD000728,2026-02-11 00:52:00,C0111,P010,2,940.5,0.05,1786.9499999999998,Web,Bank Transfer,2026-02-11 01:12:00,ขอนแก่น,Smart Home
641,ORD000729,2026-02-16 22:43:00,C0064,P040,3,3591.0,0.05,10234.35,Mobile App,PromptPay,2026-02-17 01:19:00,ขอนแก่น,Accessory
642,ORD000730,2026-02-22 02:03:00,C0042,P010,1,990.0,0.0,990.0,Web,Bank Transfer,2026-02-22 04:14:00,ระยอง,Smart Home
643,ORD000731,2026-02-20 20:06:00,C0156,P007,1,23310.0,0.0,23310.0,Mobile App,PromptPay,2026-02-20 21:21:00,กรุงเทพมหานคร,Notebook
644,ORD000732,2026-02-22 09:06:00,C0019,P021,2,25900.0,0.0,51800.0,Mobile App,Credit Card,2026-02-22 10:46:00,ระยอง,Smart Home
645,ORD000733,2026-02-20 07:18:00,C0030,P022,2,499.0,0.0,998.0,Marketplace,PromptPay,2026-02-20 09:18:00,ชลบุรี,Accessory
646,ORD000735,2026-02-16 16:19:00,C0092,P032,1,25900.0,0.0,25900.0,Web,Credit Card,2026-02-16 17:19:00,กรุงเทพมหานคร,Notebook
647,ORD000736,2026-02-27 17:04:00,C0022,P003,1,25900.0,0.1,23310.0,Mobile App,Bank Transfer,2026-02-27 18:57:00,กรุงเทพมหานคร,Smartphone
648,ORD000737,2026-02-25 13:07:00,C0003,P032,1,25900.0,0.0,25900.0,Web,Credit Card,2026-02-25 13:39:00,ขอนแก่น,Notebook
649,ORD000738,2026-02-10 06:24:00,C0105,P024,2,313.95,0.05,596.505,Mobile App,Bank Transfer,2026-02-10 07:53:00,ภูเก็ต,Accessory
650,ORD000739,2026-02-10 10:59:00,C0114,P035,2,27195.0,0.0,54390.0,Marketplace,Credit Card,2026-02-10 13:35:00,เชียงใหม่,Accessory
651,ORD000740,2026-02-08 18:37:00,C0012,P015,2,284.05,0.05,539.695,Marketplace,Bank Transfer,2026-02-08 18:49:00,ขอนแก่น,Notebook
652,ORD000741,2026-02-19 02:17:00,C0145,P024,2,313.95,0.0,627.9,Marketplace,PromptPay,2026-02-19 05:03:00,ภูเก็ต,Accessory
653,ORD000743,2026-02-14 15:45:00,C0041,P005,1,299.0,0.05,284.05,Marketplace,PromptPay,2026-02-14 17:19:00,ระยอง,Smartphone
654,ORD000744,2026-02-26 07:55:00,C0148,P026,1,12255.0,0.0,12255.0,Mobile App,PromptPay,2026-02-26 10:43:00,เชียงใหม่,Smart Home
655,ORD000745,2026-02-13 18:44:00,C0045,P037,2,25900.0,0.0,51800.0,Mobile App,Credit Card,2026-02-13 20:55:00,เชียงใหม่,Smart Home
656,ORD000746,2026-02-24 06:03:00,C0148,P011,1,27195.0,0.0,27195.0,Marketplace,Bank Transfer,2026-02-24 07:16:00,เชียงใหม่,Accessory
657,ORD000747,2026-02-25 20:17:00,C0147,P035,4,25900.0,0.05,98420.0,Web,PromptPay,2026-02-25 20:28:00,ชลบุรี,Accessory
658,ORD000748,2026-02-16 22:38:00,C0150,P003,4,25900.0,0.05,98420.0,Mobile App,Credit Card,2026-02-17 00:27:00,เชียงใหม่,Smartphone
659,ORD000749,2026-02-27 04:04:00,C0148,P024,2,269.1,0.05,511.29,Marketplace,PromptPay,2026-02-27 06:12:00,เชียงใหม่,Accessory
660,ORD000750,2026-02-17 15:20:00,C0115,P002,4,1490.0,0.0,5960.0,Web,Credit Card,2026-02-17 17:50:00,ระยอง,Smartphone
